time,episode,episode_time,mode,pos_x,pos_y,pos_z,target_x,target_y,target_z,position_error,speed,angular_speed,energy_proxy,average_thrust,average_health,m0_health,m0_cmd,m0_pitch_deg,m0_yaw_deg,m0_effective_thrust,m0_energy,m1_health,m1_cmd,m1_pitch_deg,m1_yaw_deg,m1_effective_thrust,m1_energy,m2_health,m2_cmd,m2_pitch_deg,m2_yaw_deg,m2_effective_thrust,m2_energy,m3_health,m3_cmd,m3_pitch_deg,m3_yaw_deg,m3_effective_thrust,m3_energy,m4_health,m4_cmd,m4_pitch_deg,m4_yaw_deg,m4_effective_thrust,m4_energy,m5_health,m5_cmd,m5_pitch_deg,m5_yaw_deg,m5_effective_thrust,m5_energy
0.18039,1,0.2,BaselineAllocator,-0.0176961,2.02467,-0.0559629,-0.462162,2.19721,-1.5282,1.54751,0.535909,0.637354,0.0111083,0.0843343,1,1,0,0,0,0,0,1,0.101201,-22.7912,5.1138,3.54204,0.00222165,1,0.101201,-20.6263,63.1559,3.54204,0.00222165,1,0.101201,-20.6263,-63.1559,3.54204,0.00222165,1,0.101201,64.5153,10.8215,3.54204,0.00222165,1,0.101201,-64.5153,10.8215,3.54204,0.00222165
0.3819,1,0.4,BaselineAllocator,-0.057385,2.07377,-0.184126,-0.462162,2.19721,-1.5282,1.40912,0.831731,0.52456,0.0205702,0.0787076,1,1,0,0,0,0,0,1,0.0944491,-19.8347,2.38585,3.30572,0.00411404,1,0.0944491,-17.9239,63.6294,3.30572,0.00411404,1,0.0944491,-17.9239,-63.6294,3.30572,0.00411404,1,0.0944491,64.8937,5.10146,3.30572,0.00411404,1,0.0944491,-64.8937,5.10147,3.30572,0.00411404
0.582441,1,0.6,BaselineAllocator,-0.108138,2.12615,-0.353006,-0.462162,2.19721,-1.5282,1.22942,0.974239,0.468393,0.0290404,0.075358,1,1,0,0,0,0,0,1,0.0904295,-14.9221,0.634528,3.16503,0.00580808,1,0.0904295,-13.4969,64.2388,3.16503,0.00580808,1,0.0904295,-13.4969,-64.2388,3.16503,0.00580808,1,0.0904295,64.9925,1.36047,3.16503,0.00580808,1,0.0904295,-64.9925,1.36047,3.16503,0.00580808
0.783765,1,0.799999,BaselineAllocator,-0.163276,2.17013,-0.54138,-0.462162,2.19721,-1.5282,1.03144,1.02037,0.42415,0.0370133,0.0738626,1,1,0,0,0,0,0,1,0.0886351,-9.63777,-0.07029,3.10223,0.00740265,1,0.0886351,-8.72736,64.6866,3.10223,0.00740265,1,0.0886351,-8.72736,-64.6866,3.10223,0.00740265,1,0.0886351,64.9999,-0.150743,3.10223,0.00740265,1,0.0886351,-64.9999,-0.150731,3.10223,0.00740265
0.984477,1,0.999999,BaselineAllocator,-0.218717,2.2015,-0.73414,-0.462162,2.19721,-1.5282,0.83055,1.00327,0.380685,0.0448214,0.0735864,1,1,0,0,0,0,0,1,0.0883037,-4.86909,0.00416726,3.09063,0.00896427,1,0.0883037,-4.41199,64.9206,3.09063,0.00896427,1,0.0883037,-4.41199,-64.9206,3.09063,0.00896427,1,0.0883037,65,0.00893332,3.09063,0.00896427,1,0.0883037,-65,0.00893938,3.09063,0.00896427
1.18483,1,1.2,BaselineAllocator,-0.271822,2.22066,-0.920358,-0.462162,2.19721,-1.5282,0.637377,0.942976,0.338623,0.0526543,0.0739496,1,1,0,0,0,0,0,1,0.0887396,-0.974926,0.551214,3.10589,0.0105309,1,0.0887396,-0.883833,64.9968,3.10589,0.0105309,1,0.0887396,-0.883831,-64.9968,3.10589,0.0105309,1,0.0887396,64.9943,1.18218,3.10589,0.0105309,1,0.0887396,-64.9943,1.18219,3.10589,0.0105309
1.3857,1,1.4,BaselineAllocator,-0.320849,2.2302,-1.09235,-0.462162,2.19721,-1.5282,0.459368,0.853213,0.29942,0.0605969,0.0745391,1,1,0,0,0,0,0,1,0.089447,1.97984,1.31572,3.13064,0.0121194,1,0.089447,1.79484,64.9869,3.13064,0.0121194,1,0.089447,1.79484,-64.9869,3.13064,0.0121194,1,0.089447,64.9676,2.81918,3.13064,0.0121194,1,0.089447,-64.9676,2.81919,3.13064,0.0121194
1.5866,1,1.6,BaselineAllocator,-0.364688,2.23319,-1.2451,-0.462162,2.19721,-1.5282,0.301567,0.744791,0.263836,0.068667,0.0751107,1,1,0,0,0,0,0,1,0.0901329,4.06754,2.10858,3.15465,0.0137334,1,0.0901329,3.68839,64.9445,3.15465,0.0137334,1,0.0901329,3.68839,-64.9445,3.15465,0.0137334,1,0.0901329,64.9169,4.51151,3.15465,0.0137334,1,0.0901329,-64.9169,4.51152,3.15465,0.0137334
1.78671,1,1.8,BaselineAllocator,-0.402712,2.23237,-1.37574,-0.462162,2.19721,-1.5282,0.167373,0.626803,0.232118,0.0768462,0.0755504,1,1,0,0,0,0,0,1,0.0906605,5.40923,2.8026,3.17312,0.0153692,1,0.0906605,4.90698,64.9017,3.17312,0.0153692,1,0.0906605,4.90698,-64.9017,3.17312,0.0153692,1,0.0906605,64.8535,5.98597,3.17312,0.0153692,1,0.0906605,-64.8535,5.98597,3.17312,0.0153692
1.98713,1,2,BaselineAllocator,-0.434665,2.2297,-1.4832,-0.462162,2.19721,-1.5282,0.0619385,0.506865,0.204243,0.0851018,0.0758293,1,1,0,0,0,0,0,1,0.0909951,6.13753,3.32306,3.18483,0.0170204,1,0.0909951,5.56988,64.8732,3.18483,0.0170204,1,0.0909951,5.56988,-64.8732,3.18483,0.0170204,1,0.0909951,64.7942,7.08599,3.18483,0.0170204,1,0.0909951,-64.7942,7.08598,3.18483,0.0170204
2.18816,1,2.2,BaselineAllocator,-0.460584,2.22641,-1.56779,-0.462162,2.19721,-1.5282,0.0492209,0.391075,0.180012,0.0934006,0.0759664,1,1,0,0,0,0,0,1,0.0911597,6.37978,3.63708,3.19059,0.0186801,1,0.0911597,5.79148,64.8628,3.19059,0.0186801,1,0.0911597,5.79147,-64.8628,3.19059,0.0186801,1,0.0911597,64.7537,7.74697,3.19059,0.0186801,1,0.0911597,-64.7537,7.74698,3.19059,0.0186801
2.38837,1,2.4,BaselineAllocator,-0.47097,2.22217,-1.62225,-0.462162,2.19721,-1.5282,0.0977035,0.177985,0.669204,0.104185,0.0893886,0.871199,1,0,0,0,0,0,1,0.107266,0.0584481,3.8433,3.75432,0.0208369,1,0.107266,0.0530926,65,3.75432,0.0208369,1,0.107266,0.0530919,-65,3.75432,0.0208369,0.227194,0.107266,64.7251,8.17981,0.852958,0.0208369,1,0.107266,-64.7251,8.17981,3.75432,0.0208369
2.58955,1,2.6,BaselineAllocator,-0.449274,2.21666,-1.63467,-0.462162,2.19721,-1.5282,0.108999,0.182288,0.481178,0.115927,0.0911154,0.871199,1,0,0,0,0,0,1,0.109339,-9.67915,3.8553,3.82685,0.0231854,1,0.109339,-8.78424,64.6825,3.82685,0.0231854,1,0.109339,-8.78425,-64.6825,3.82685,0.0231854,0.227194,0.109339,64.7234,8.20494,0.869435,0.0231854,1,0.109339,-64.7234,8.20494,3.82685,0.0231854
2.7898,1,2.8,BaselineAllocator,-0.398412,2.21281,-1.61108,-0.462162,2.19721,-1.5282,0.10572,0.363027,0.363999,0.12817,0.0931176,0.871199,1,0,0,0,0,0,1,0.111741,-17.7527,3.60006,3.91094,0.025634,1,0.111741,-16.0715,63.9084,3.91094,0.025634,1,0.111741,-16.0715,-63.9084,3.91094,0.025634,0.227194,0.111741,64.7586,7.66915,0.88854,0.025634,1,0.111741,-64.7586,7.66913,3.91094,0.025634
2.9904,1,3,BaselineAllocator,-0.325132,2.21398,-1.56044,-0.462162,2.19721,-1.5282,0.141768,0.505107,0.298466,0.14096,0.0951567,0.871199,1,0,0,0,0,0,1,0.114188,-24.6645,3.08777,3.99658,0.0281921,1,0.114188,-22.2507,62.8308,3.99658,0.0281921,1,0.114188,-22.2507,-62.8308,3.99658,0.0281921,0.227194,0.114188,64.8222,6.58934,0.907998,0.0281921,1,0.114188,-64.8222,6.58935,3.99658,0.0281921
3.19055,1,3.2,BaselineAllocator,-0.257392,2.2186,-1.50411,-0.462162,2.19721,-1.5282,0.207289,0.404586,0.222442,0.155004,0.113969,0.871199,1,0.113969,-64.7271,-8.14949,3.98893,0.00104148,1,0.113969,-25.2477,1.80861,3.98893,0.0307925,1,0.113969,-22.751,62.7242,3.98893,0.0307925,1,0.113969,-22.751,-62.7242,3.98893,0.0307925,0.227194,0.113969,64.6919,3.82886,0.906259,0.0307925,1,0.113969,-64.9389,3.87205,3.98893,0.0307925
3.39089,1,3.4,BaselineAllocator,-0.202758,2.22513,-1.45093,-0.462162,2.19721,-1.5282,0.272104,0.338633,0.181991,0.168721,0.11367,0.871199,1,0.11367,-64.9372,-3.92275,3.97845,0.00181841,1,0.11367,-25.3676,0.869141,3.97845,0.0333804,1,0.11367,-22.85,62.7027,3.97845,0.0333804,1,0.11367,-22.85,-62.7027,3.97845,0.0333804,0.227194,0.11367,64.6185,1.83238,0.90388,0.0333804,1,0.11367,-64.9859,1.86315,3.97845,0.0333804
3.59147,1,3.6,BaselineAllocator,-0.154699,2.23303,-1.40117,-0.238189,2.19721,-1.5282,0.156178,0.38607,0.234795,0.181745,0.0937413,0.871199,1,0,0,0,0,0.00207646,1,0.11249,-24.1471,-1.85913,3.93713,0.0359336,1,0.11249,-21.7721,62.9299,3.93713,0.0359336,1,0.11249,-21.7721,-62.9299,3.93713,0.0359336,0.227194,0.11249,64.9354,-3.97981,0.894492,0.0359336,1,0.11249,-64.9354,-3.97982,3.93713,0.0359336
3.7926,1,3.8,BaselineAllocator,-0.0856767,2.24176,-1.34817,0.0636509,2.19721,-1.5282,0.238104,0.484553,0.0893363,0.194613,0.0933776,0.871199,1,0,0,0,0,0.0023294,1,0.112053,-23.6643,-4.60859,3.92186,0.0384567,1,0.112053,-21.3929,63.0064,3.92186,0.0384567,1,0.112053,-21.3929,-63.0064,3.92186,0.0384567,0.227194,0.112053,64.6056,-9.7765,0.891022,0.0384567,1,0.112053,-64.6057,-9.77651,3.92186,0.0384567
3.99352,1,4,BaselineAllocator,0.0142052,2.24901,-1.29552,0.364957,2.19721,-1.5282,0.424085,0.625315,0.0566359,0.207455,0.093411,0.871199,1,0,0,0,0,0.00258216,1,0.112093,-23.1895,-6.54081,3.92326,0.0409746,1,0.112093,-21.0297,63.0781,3.92326,0.0409746,1,0.112093,-21.0298,-63.0781,3.92326,0.0409746,0.227194,0.112093,64.2118,-13.7275,0.89134,0.0409746,1,0.112093,-64.2118,-13.7275,3.92326,0.0409746
4.19427,1,4.2,BaselineAllocator,0.149165,2.25444,-1.24598,0.666102,2.19721,-1.5282,0.591734,0.786769,0.0668934,0.22033,0.0935988,0.871199,1,0,0,0,0,0.00283557,1,0.112319,-23.0081,-7.73574,3.93115,0.0434989,1,0.112319,-20.9155,63.1003,3.93115,0.0434989,1,0.112319,-20.9155,-63.1003,3.93115,0.0434989,0.227194,0.112319,63.9042,-16.1013,0.893132,0.0434989,1,0.112319,-63.9042,-16.1013,3.93115,0.0434989
4.39486,1,4.4,BaselineAllocator,0.317753,2.2616,-1.20258,0.908378,2.33845,-1.5282,0.6788,0.944228,0.138679,0.23384,0.0972103,0.871199,1,0,0,0,0,0.00310188,1,0.116652,-23.8567,-7.50928,4.08283,0.0461475,1,0.116652,-21.6665,62.9514,4.08283,0.0461475,1,0.116652,-21.6665,-62.9514,4.08283,0.0461475,0.227194,0.116652,63.9662,-15.656,0.927594,0.0461475,1,0.116652,-63.9662,-15.656,4.08283,0.0461475
4.59491,1,4.6,BaselineAllocator,0.513274,2.27818,-1.16982,1.20358,2.34407,-1.5282,0.780578,1.0586,0.0707945,0.247724,0.0956299,0.871199,1,0,0,0,0,0.0036396,1,0.114756,-23.3275,-7.42054,4.01646,0.0488168,1,0.114756,-21.1884,63.047,4.01646,0.0488168,1,0.114756,-21.1884,-63.047,4.01646,0.0488168,0.227194,0.114756,63.99,-15.4809,0.912514,0.0488168,1,0.114756,-63.99,-15.4809,4.01646,0.0488168
4.79543,1,4.8,BaselineAllocator,0.73332,2.30468,-1.14637,1.4183,2.55879,-1.5282,0.824354,1.15829,0.0398167,0.262084,0.0994934,0.871199,1,0,0,0,0,0.00419414,1,0.119392,-23.8794,-5.95246,4.17872,0.0515779,1,0.119392,-21.626,62.9596,4.17872,0.0515779,1,0.119392,-21.6259,-62.9596,4.17872,0.0515779,0.227194,0.119392,64.3455,-12.5381,0.949379,0.0515779,1,0.119392,-64.3455,-12.5381,4.17872,0.0515779
4.99587,1,5,BaselineAllocator,0.968826,2.3505,-1.13418,1.69813,2.60924,-1.5282,0.868378,1.24986,0.110441,0.27686,0.0979695,0.871199,1,0,0,0,0,0.00476617,1,0.117563,-24.0559,-5.36358,4.11472,0.0544187,1,0.117563,-21.7643,62.9315,4.11472,0.0544187,1,0.117563,-21.7643,-62.9315,4.11472,0.0544187,0.227194,0.117563,64.4673,-11.3352,0.934838,0.0544187,1,0.117563,-64.4673,-11.3352,4.11472,0.0544187
5.1959,1,5.2,BaselineAllocator,1.21774,2.41204,-1.13027,1.92079,2.79603,-1.5282,0.894474,1.3289,0.171389,0.291383,0.0997124,0.871199,1,0,0,0,0,0.00532061,1,0.119655,-24.6372,-4.19677,4.18792,0.0572125,1,0.119655,-22.2502,62.8309,4.18792,0.0572125,1,0.119655,-22.2502,-62.8309,4.18792,0.0572125,0.227194,0.119655,64.6726,-8.9192,0.951469,0.0572125,1,0.119655,-64.6726,-8.91921,4.18792,0.0572125
5.39613,1,5.4,BaselineAllocator,1.47223,2.493,-1.13514,2.17296,2.91172,-1.5282,0.905997,1.35813,0.0445213,0.306636,0.0987589,0.871199,1,0,0,0,0,0.00618309,1,0.118511,-24.2123,-3.30048,4.14787,0.0600906,1,0.118511,-21.8518,62.9136,4.14787,0.0600906,1,0.118511,-21.8518,-62.9136,4.14787,0.0600906,0.227194,0.118511,64.797,-7.03837,0.94237,0.0600906,1,0.118511,-64.797,-7.03837,4.14787,0.0600906
5.5962,1,5.6,BaselineAllocator,1.73325,2.58829,-1.14375,2.47325,2.91172,-1.5282,0.894426,1.40027,0.0839287,0.320632,0.0949657,0.871199,1,0,0,0,0,0.00672177,1,0.113959,-24.0242,-3.26387,3.98856,0.0627821,1,0.113959,-21.6834,62.9479,3.98856,0.0627821,1,0.113959,-21.6834,-62.9479,3.98856,0.0627821,0.227194,0.113959,64.8014,-6.96116,0.906175,0.0627821,1,0.113959,-64.8014,-6.96116,3.98856,0.0627821
5.79712,1,5.8,BaselineAllocator,2.00322,2.68373,-1.15298,2.77471,2.91172,-1.5282,0.887675,1.45888,0.127358,0.333526,0.0928292,0.871199,1,0,0,0,0,0.00697554,1,0.111395,-24.7401,-3.30152,3.89883,0.0653101,1,0.111395,-22.3221,62.8157,3.89883,0.0653101,1,0.111395,-22.3221,-62.8158,3.89883,0.0653101,0.227194,0.111395,64.7968,-7.04055,0.885789,0.0653101,1,0.111395,-64.7968,-7.04053,3.89883,0.0653101
5.99821,1,6,BaselineAllocator,2.28371,2.77055,-1.16037,3.02816,2.91172,-1.5282,0.842281,1.50916,0.033284,0.352247,0.115998,0.740404,1,0,0,0,0,0.00761574,0.21523,0.139198,-24.2243,-2.62257,1.04859,0.0689263,1,0.139198,-21.8508,62.9138,4.87193,0.0689263,1,0.139198,-21.8508,-62.9138,4.87193,0.0689263,0.227194,0.139198,64.8716,-5.60422,1.10687,0.0689263,1,0.139198,-64.8716,-5.60422,4.87193,0.0689263
6.19857,1,6.2,BaselineAllocator,2.55354,2.84329,-1.17417,2.77415,2.91172,-1.5282,0.422713,1.29619,0.231083,0.37382,0.117338,0.740404,1,0,0,0,0,0.00957764,0.21523,0.140806,-24.3658,2.80478,1.0607,0.0728485,1,0.140806,-21.9797,62.8872,4.9282,0.0728485,1,0.140806,-21.9797,-62.8872,4.9282,0.0728485,0.227194,0.140806,64.8532,5.99054,1.11966,0.0728485,1,0.140806,-64.8532,5.99055,4.9282,0.0728485
6.39884,1,6.39999,BaselineAllocator,2.76217,2.89808,-1.20347,2.54734,2.7345,-1.5282,0.422323,0.929572,0.14352,0.395205,0.113992,0.740404,1,0,0,0,0,0.0115289,0.21523,0.13679,-24.3968,5.09651,1.03045,0.0767352,1,0.13679,-22.0605,62.8705,4.78766,0.0767352,1,0.13679,-22.0605,-62.8705,4.78766,0.0767352,0.227194,0.13679,64.5185,10.7859,1.08773,0.0767352,1,0.13679,-64.5185,10.7859,4.78766,0.0767352
6.5994,1,6.59999,BaselineAllocator,2.89213,2.9224,-1.24095,2.33444,2.5216,-1.5282,0.744424,0.517392,0.155823,0.415052,0.110475,0.740404,1,0,0,0,0,0.0133379,0.21523,0.13257,-24.1554,5.76311,0.998655,0.0803429,1,0.13257,-21.8662,62.9106,4.63994,0.0803429,1,0.13257,-21.8662,-62.9106,4.63994,0.0803429,0.227194,0.13257,64.386,12.1526,1.05416,0.0803429,1,0.13257,-64.386,12.1526,4.63994,0.0803429
6.80013,1,6.81999,BaselineAllocator,2.94341,2.90344,-1.28428,2.07393,2.42386,-1.5282,1.0225,0.260883,0.202664,0.436166,0.112641,0.740404,1,0,0,0,0,0.015095,0.21523,0.135169,-24.019,5.90475,1.01823,0.0842142,1,0.135169,-21.7491,62.9346,4.73091,0.0842142,1,0.135169,-21.7491,-62.9346,4.73091,0.0842142,0.227194,0.135169,64.3558,12.4411,1.07483,0.0842142,1,0.135169,-64.3558,12.4411,4.73091,0.0842142
7.0003,1,7.01999,BaselineAllocator,2.91266,2.85575,-1.31991,1.77354,2.42386,-1.5282,1.23592,0.441709,0.170069,0.456909,0.117228,0.740404,1,0,0,0,0,0.0166613,0.21523,0.140674,-24.149,5.59524,1.0597,0.0880495,1,0.140674,-21.8549,62.9129,4.92357,0.0880495,1,0.140674,-21.8549,-62.9129,4.92357,0.0880495,0.227194,0.140674,64.4208,11.8098,1.1186,0.0880495,1,0.140674,-64.4209,11.8098,4.92357,0.0880495
7.20107,1,7.21999,BaselineAllocator,2.81392,2.79552,-1.34935,1.47262,2.42386,-1.5282,1.40329,0.704871,0.184036,0.478889,0.119958,0.740404,1,0,0,0,0,0.0182889,0.21523,0.143949,-24.0966,4.9694,1.08438,0.09212,1,0.143949,-21.7888,62.9265,5.03823,0.09212,1,0.143949,-21.7888,-62.9265,5.03823,0.09212,0.227194,0.143949,64.5421,10.5236,1.14465,0.09212,1,0.143949,-64.5421,10.5236,5.03823,0.09212
7.40185,1,7.41999,BaselineAllocator,2.65947,2.7344,-1.37064,1.17139,2.42386,-1.5282,1.52829,0.955456,0.131627,0.501663,0.145985,0.740404,1,0.145985,-63.3648,-19.491,5.10946,0.0199778,0.21523,0.145985,-25.0501,4.4857,1.09971,0.0963371,1,0.145985,-22.6255,62.7512,5.10946,0.0963371,1,0.145985,-22.6255,-62.7512,5.10946,0.0963371,0.227194,0.145985,64.577,9.49989,1.16084,0.0963371,1,0.145985,-64.6263,9.52118,5.10946,0.0963371
7.60244,1,7.61999,BaselineAllocator,2.45972,2.67872,-1.38391,0.870283,2.42386,-1.5282,1.6162,1.11748,0.100809,0.524393,0.12211,0.740404,1,0,0,0,0,0.021271,0.21523,0.146532,-24.2567,3.6587,1.10384,0.100624,1,0.146532,-21.8987,62.904,5.12863,0.100624,1,0.146532,-21.8987,-62.904,5.12863,0.100624,0.227194,0.146532,64.7507,7.79238,1.16519,0.100624,1,0.146532,-64.7507,7.79237,5.12863,0.100624
7.80309,1,7.81999,BaselineAllocator,2.22456,2.63155,-1.39012,0.569533,2.42386,-1.5282,1.67371,1.24504,0.209992,0.547223,0.122209,0.740404,1,0,0,0,0,0.0225663,0.21523,0.14665,-24.3112,3.05292,1.10473,0.104931,1,0.14665,-21.9354,62.8964,5.13276,0.104931,1,0.14665,-21.9354,-62.8964,5.13277,0.104931,0.227194,0.14665,64.8262,6.51568,1.16613,0.104931,1,0.14665,-64.8262,6.51567,5.13277,0.104931
8.00358,1,8.01999,BaselineAllocator,1.96445,2.59433,-1.39002,0.278573,2.40003,-1.5282,1.70265,1.34842,0.166999,0.57,0.121114,0.740404,1,0,0,0,0,0.0238592,0.21523,0.145337,-24.325,2.46954,1.09483,0.109228,1,0.145337,-21.9383,62.8958,5.0868,0.109228,1,0.145337,-21.9383,-62.8958,5.0868,0.109228,0.227194,0.145337,64.8861,5.27932,1.15569,0.109228,1,0.145337,-64.8861,5.27931,5.0868,0.109228
8.20437,1,8.22,BaselineAllocator,1.69052,2.56057,-1.3844,0.0655681,2.18703,-1.5282,1.67352,1.38615,0.0968349,0.59064,0.122055,0.740404,1,0.0446327,-64.7581,-7.67789,1.56215,0.024706,0.21523,0.137539,-24.9657,1.68051,1.03609,0.113187,1,0.137539,-22.4989,62.7783,4.81386,0.113187,1,0.137539,-22.4989,-62.7783,4.81386,0.113187,0.227194,0.137539,64.9472,3.59861,1.09368,0.113187,1,0.137539,-64.9472,3.59862,4.81386,0.113187
8.40449,1,8.42,BaselineAllocator,1.41467,2.51312,-1.37437,-0.146572,1.97489,-1.5282,1.65856,1.39125,0.133759,0.60945,0.110447,0.740404,1,0,0,0,0,0.0254359,0.21523,0.132537,-24.517,0.984384,0.998408,0.116803,1,0.132537,-22.0942,62.8635,4.63879,0.116803,1,0.132537,-22.0942,-62.8635,4.63879,0.116803,0.227194,0.132537,64.9819,2.10996,1.0539,0.116803,1,0.132537,-64.9819,2.10996,4.63879,0.116803
8.60481,1,8.62001,BaselineAllocator,1.14187,2.44412,-1.36191,-0.43367,1.94221,-1.5282,1.6619,1.40085,0.142247,0.628308,0.114457,0.740404,1,0,0,0,0,0.0261644,0.21523,0.137349,-24.5952,0.961695,1.03465,0.120429,1,0.137349,-22.1637,62.849,4.8072,0.120429,1,0.137349,-22.1637,-62.849,4.8072,0.120429,0.227194,0.137349,64.9827,2.06137,1.09217,0.120429,1,0.137349,-64.9827,2.06138,4.8072,0.120429
8.80482,1,8.82001,BaselineAllocator,0.874787,2.36983,-1.34733,-0.646821,2.15154,-1.5282,1.54779,1.35572,0.116979,0.649797,0.123608,0.740404,1,0,0,0,0,0.0269887,0.21523,0.14833,-24.1318,0.38954,1.11738,0.124562,1,0.14833,-21.7489,62.9346,5.19154,0.124562,1,0.14833,-21.7489,-62.9346,5.19154,0.124562,0.227194,0.14833,64.9972,0.835306,1.17949,0.124562,1,0.14833,-64.9972,0.835312,5.19154,0.124562
9.00584,1,9.02002,BaselineAllocator,0.619311,2.31742,-1.33009,-0.860256,2.36497,-1.5282,1.49353,1.26457,0.113933,0.6741,0.129667,0.740404,1,0,0,0,0,0.0279266,0.21523,0.155601,-24.5351,0.0750573,1.17215,0.129235,1,0.155601,-22.1075,62.8607,5.44603,0.129235,1,0.155601,-22.1075,-62.8607,5.44603,0.129235,0.227194,0.155601,64.9999,0.160957,1.2373,0.129235,1,0.155601,-64.9999,0.160961,5.44603,0.129235
9.20696,1,9.22002,BaselineAllocator,0.372484,2.30283,-1.31322,-1.07265,2.57736,-1.5282,1.4866,1.24264,0.265927,0.70052,0.159414,0.740404,1,0.159414,-64.9996,0.306631,5.57948,0.0294285,0.21523,0.159414,-25.1133,-0.0670185,1.20087,0.134218,1,0.159414,-22.6218,62.752,5.57948,0.134218,1,0.159414,-22.6218,-62.752,5.57948,0.134218,0.227194,0.159414,64.8866,-0.142984,1.26762,0.134218,1,0.159414,-64.9999,-0.143731,5.57948,0.134218
9.40777,1,9.42003,BaselineAllocator,0.134097,2.33295,-1.29769,-1.28642,2.79114,-1.5282,1.51028,1.19481,0.118021,0.727054,0.133249,0.740404,1,0,0,0,0,0.0304539,0.21523,0.159899,-24.4528,-0.109401,1.20453,0.13932,1,0.159899,-22.0342,62.876,5.59646,0.13932,1,0.159899,-22.0342,-62.876,5.59646,0.13932,0.227194,0.159899,64.9998,-0.23461,1.27148,0.13932,1,0.159899,-64.9998,-0.234613,5.59646,0.13932
9.60883,1,9.62003,BaselineAllocator,-0.098507,2.40618,-1.28639,-1.40468,2.86529,-1.70661,1.44688,1.23358,0.0809884,0.753501,0.12842,0.740404,1,0,0,0,0,0.031956,0.21523,0.154104,-24.1398,-3.08366,1.16087,0.144309,1,0.154104,-21.7832,62.9276,5.39362,0.144309,1,0.154104,-21.7832,-62.9276,5.39362,0.144309,0.227194,0.154104,64.8227,-6.58065,1.2254,0.144309,1,0.154104,-64.8227,-6.58064,5.39362,0.144309
9.80941,1,9.82003,BaselineAllocator,-0.319229,2.50529,-1.29322,-1.40468,2.86529,-2.00751,1.34834,1.20424,0.310613,0.777495,0.147991,0.740404,1,0.147991,-60.4942,30.8975,5.17968,0.0333089,0.21523,0.147991,-24.017,-7.43981,1.11482,0.148837,1,0.147991,-21.8071,62.9227,5.17968,0.148837,1,0.147991,-21.8071,-62.9227,5.17968,0.148837,0.227194,0.147991,63.9848,-15.5189,1.17679,0.148837,1,0.147991,-63.9848,-15.5189,5.17968,0.148837
10.0101,1,10.02,BaselineAllocator,-0.517055,2.61145,-1.3335,-1.40468,2.86529,-2.30877,1.34293,1.09878,0.185316,0.799466,0.119797,0.740404,1,0,0,0,0,0.0341531,0.21523,0.143756,-22.9775,-9.60236,1.08292,0.153063,1,0.143756,-20.9801,63.0878,5.03146,0.153063,1,0.143756,-20.9801,-63.0878,5.03146,0.153063,0.227194,0.143756,63.3304,-19.6833,1.14312,0.153063,1,0.143756,-63.3304,-19.6833,5.03146,0.153063
10.2113,1,10.22,BaselineAllocator,-0.687495,2.71192,-1.41797,-1.40468,2.86529,-2.6101,1.39966,1.05708,0.170349,0.820885,0.117447,0.740404,1,0,0,0,0,0.0353709,0.21523,0.140937,-22.2616,-10.3763,1.06168,0.157103,1,0.140937,-20.3781,63.2028,4.93278,0.157103,1,0.140937,-20.3781,-63.2028,4.93278,0.157103,0.227194,0.140937,63.0606,-21.1191,1.1207,0.157103,1,0.140937,-63.0606,-21.1191,4.93278,0.157103
10.4122,1,10.4201,BaselineAllocator,-0.825917,2.80034,-1.54675,-1.40468,2.89207,-2.88849,1.46412,1.05661,0.152895,0.841463,0.116373,0.740404,1,0,0,0,0,0.0362823,0.21523,0.139647,-22.1735,-10.286,1.05197,0.161036,1,0.139647,-20.2933,63.2187,4.88766,0.161036,1,0.139647,-20.2933,-63.2187,4.88766,0.161036,0.227194,0.139647,63.093,-20.9532,1.11045,0.161036,1,0.139647,-63.093,-20.9532,4.88766,0.161036
10.6129,1,10.6201,BaselineAllocator,-0.922361,2.88205,-1.70081,-1.26884,3.06945,-2.88849,1.25131,0.948183,0.272333,0.861776,0.118526,0.740404,1,0,0,0,0,0.0362823,0.21523,0.142231,-22.4247,-8.08577,1.07143,0.165099,1,0.142231,-20.4071,63.1974,4.97807,0.165099,1,0.142231,-20.4071,-63.1974,4.97807,0.165099,0.227194,0.142231,63.8051,-16.7852,1.13099,0.165099,1,0.142231,-63.8051,-16.7852,4.97807,0.165099
10.8136,1,10.8201,BaselineAllocator,-0.961487,2.96222,-1.84958,-0.967727,3.06945,-2.88849,1.04445,0.809029,0.120804,0.881317,0.115171,0.740404,1,0,0,0,0,0.0362823,0.21523,0.138205,-21.4696,-8.39031,1.04111,0.169007,1,0.138205,-19.5614,63.3522,4.83717,0.169007,1,0.138205,-19.5614,-63.3522,4.83717,0.169007,0.227194,0.138205,63.7157,-17.3758,1.09898,0.169007,1,0.138205,-63.7157,-17.3758,4.83717,0.169007
11.0146,1,11.0201,BaselineAllocator,-0.937895,3.03024,-1.97941,-0.747386,3.06945,-2.69313,0.739743,0.707081,0.026972,0.89988,0.112429,0.740404,1,0,0,0,0,0.0362823,0.21523,0.134914,-19.9869,-4.73441,1.01632,0.17272,1,0.134914,-18.1024,63.6006,4.722,0.17272,1,0.134914,-18.1024,-63.6006,4.722,0.17272,0.227194,0.134914,64.584,-10.0375,1.07281,0.17272,1,0.134914,-64.584,-10.0375,4.722,0.17272
11.2154,1,11.2201,BaselineAllocator,-0.854582,3.08014,-2.07656,-0.534431,3.06945,-2.48017,0.515279,0.703837,0.0488903,0.917965,0.112081,0.740404,1,0,0,0,0,0.0362823,0.21523,0.134497,-19.1842,-1.10215,1.01317,0.176337,1,0.134497,-17.3296,63.7228,4.70739,0.176337,1,0.134497,-17.3296,-63.7228,4.70739,0.176337,0.227194,0.134497,64.9773,-2.36208,1.06949,0.176337,1,0.134497,-64.9773,-2.36206,4.70739,0.176337
11.4164,1,11.4201,BaselineAllocator,-0.717694,3.11253,-2.13213,-0.321261,3.06945,-2.267,0.420957,0.824439,0.0987214,0.936239,0.113254,0.740404,1,0,0,0,0,0.0362823,0.21523,0.135905,-19.5465,1.80497,1.02378,0.179991,1,0.135905,-17.6594,63.6714,4.75666,0.179991,1,0.135905,-17.6594,-63.6714,4.75666,0.179991,0.227194,0.135905,64.9391,3.86424,1.08068,0.179991,1,0.135905,-64.9391,3.86425,4.75666,0.179991
11.6167,1,11.6201,BaselineAllocator,-0.534658,3.13192,-2.14253,-0.108956,3.06945,-2.0547,0.439136,1.01147,0.133163,0.955036,0.115125,0.740404,1,0,0,0,0,0.0362823,0.21523,0.138149,-20.9806,4.03371,1.04069,0.183751,1,0.138149,-18.9781,63.4543,4.83523,0.183751,1,0.138149,-18.9781,-63.4543,4.83523,0.183751,0.227194,0.138149,64.6973,8.5785,1.09853,0.183751,1,0.138149,-64.6973,8.57852,4.83523,0.183751
11.8171,1,11.8201,BaselineAllocator,-0.313842,3.14398,-2.10792,0.103628,3.06945,-1.84211,0.50049,1.20841,0.153504,0.974496,0.117176,0.740404,1,0,0,0,0,0.0362823,0.21523,0.140611,-23.1674,5.62985,1.05923,0.187643,1,0.140611,-20.9785,63.0881,4.92138,0.187643,1,0.140611,-20.9785,-63.0881,4.92138,0.187643,0.227194,0.140611,64.4137,11.8806,1.11811,0.187643,1,0.140611,-64.4138,11.8806,4.92138,0.187643
12.0175,1,12.0201,BaselineAllocator,-0.0712176,3.15271,-2.03352,0.316483,3.06945,-1.62926,0.566279,1.32464,0.148637,0.994856,0.117929,0.740404,1,0,0,0,0,0.0366836,0.21523,0.141515,-23.6131,6.04974,1.06604,0.191634,1,0.141515,-21.3912,63.0067,4.95302,0.191634,1,0.141515,-21.3912,-63.0067,4.95302,0.191634,0.227194,0.141515,64.3242,12.7356,1.1253,0.191634,1,0.141515,-64.3242,12.7356,4.95302,0.191634
12.2177,1,12.2201,BaselineAllocator,0.177463,3.15951,-1.92572,0.528524,3.06945,-1.41722,0.624443,1.35587,0.377709,1.01578,0.142189,0.740404,1,0.142189,-61.9822,-25.8849,4.9766,0.0374913,0.21523,0.142189,-24.5119,6.08038,1.07112,0.195657,1,0.142189,-22.1956,62.8423,4.9766,0.195657,1,0.142189,-22.1956,-62.8423,4.9766,0.195657,0.227194,0.142189,64.3175,12.7978,1.13065,0.195657,1,0.142189,-64.3174,12.7978,4.9766,0.195657
12.4187,1,12.4201,BaselineAllocator,0.425393,3.16525,-1.78906,0.742048,3.06945,-1.20369,0.672387,1.45838,0.158774,1.03615,0.118546,0.740404,1,0,0,0,0,0.0377066,0.21523,0.142255,-24.3324,5.52334,1.07161,0.199688,1,0.142255,-22.0163,62.8797,4.97892,0.199688,1,0.142255,-22.0163,-62.8797,4.97892,0.199688,0.227194,0.142255,64.4355,11.6627,1.13118,0.199688,1,0.142255,-64.4355,11.6627,4.97892,0.199688
12.6196,1,12.6201,BaselineAllocator,0.666391,3.16982,-1.62886,0.954845,3.06945,-0.990896,0.707304,1.47197,0.110814,1.0571,0.118208,0.740404,1,0,0,0,0,0.0385162,0.21523,0.14185,-23.8611,4.7339,1.06856,0.203717,1,0.14185,-21.572,62.9705,4.96473,0.203717,1,0.14185,-21.572,-62.9705,4.96473,0.203717,0.227194,0.14185,64.5841,10.0364,1.12796,0.203717,1,0.14185,-64.5841,10.0364,4.96473,0.203717
12.8198,1,12.8201,BaselineAllocator,0.90173,3.17379,-1.44877,1.16752,3.06945,-0.778221,0.728815,1.47898,0.130406,1.07807,0.118099,0.740404,1,0,0,0,0,0.0393252,0.21523,0.141719,-23.8825,4.03923,1.06758,0.20775,1,0.141719,-21.5735,62.9702,4.96017,0.207749,1,0.141719,-21.5735,-62.9702,4.96017,0.207749,0.227194,0.141719,64.6965,8.59004,1.12692,0.207749,1,0.141719,-64.6965,8.59006,4.96017,0.20775
13.0202,1,13.0401,BaselineAllocator,1.14733,3.17665,-1.23402,1.24532,3.06945,-0.509849,0.738591,1.45953,0.0619172,1.10126,0.11894,0.740404,1,0,0,0,0,0.0402377,0.21523,0.142728,-23.9575,4.89697,1.07518,0.212205,1,0.142728,-21.6625,62.9522,4.9955,0.212205,1,0.142728,-21.6625,-62.9522,4.9955,0.212205,0.227194,0.142728,64.5552,10.3739,1.13495,0.212205,1,0.142728,-64.5552,10.3739,4.9955,0.212205
13.2205,1,13.2401,BaselineAllocator,1.34007,3.17772,-1.02635,1.24532,3.06945,-0.209519,0.829405,1.38976,0.0821556,1.12307,0.119747,0.740404,1,0,0,0,0,0.0414736,0.21523,0.143696,-24.0237,5.87809,1.08247,0.216319,1,0.143696,-21.7524,62.9339,5.02937,0.216319,1,0.143696,-21.7524,-62.9339,5.02937,0.216319,0.227194,0.143696,64.3616,12.3868,1.14264,0.216319,1,0.143696,-64.3616,12.3869,5.02937,0.216319
13.4209,1,13.4401,BaselineAllocator,1.49622,3.17864,-0.804385,1.24532,3.06945,0.0908112,0.936082,1.34116,0.0725403,1.14501,0.119836,0.740404,1,0,0,0,0,0.0427174,0.21523,0.143804,-23.8324,6.06891,1.08328,0.220459,1,0.143804,-21.588,62.9672,5.03313,0.220459,1,0.143804,-21.588,-62.9672,5.03313,0.220459,0.227194,0.143804,64.32,12.7745,1.14349,0.220459,1,0.143804,-64.32,12.7745,5.03313,0.220459
13.6218,1,13.6401,BaselineAllocator,1.61608,3.17989,-0.566907,1.24532,3.06945,0.392264,1.03425,1.32477,0.0674466,1.16694,0.119518,0.740404,1,0,0,0,0,0.0439612,0.21523,0.143421,-23.5412,5.83986,1.0804,0.224596,1,0.143421,-21.3197,63.021,5.01974,0.224596,1,0.143421,-21.3197,-63.021,5.01974,0.224596,0.227194,0.143421,64.3697,12.309,1.14045,0.224596,1,0.143421,-64.3698,12.309,5.01974,0.224596
13.8227,1,13.8401,BaselineAllocator,1.70534,3.18185,-0.313757,1.24532,3.06945,0.693964,1.11344,1.36173,0.16725,1.18838,0.122743,0.740404,1,0.0184206,-62.2828,-24.6812,0.644722,0.0447942,0.21523,0.143608,-24.388,5.7083,1.08181,0.228718,1,0.143608,-22.0721,62.8681,5.02627,0.228718,1,0.143608,-22.0721,-62.8681,5.02626,0.228718,0.227194,0.143608,64.3975,12.0408,1.14194,0.228718,1,0.143608,-64.3975,12.0408,5.02626,0.228718
14.023,1,14.0401,BaselineAllocator,1.76476,3.18329,-0.0489349,1.23139,3.06945,0.790725,1.00123,1.35632,0.112743,1.21012,0.119394,0.740404,1,0,0,0,0,0.0460275,0.21523,0.143273,-24.7195,1.96341,1.07929,0.232819,1,0.143273,-22.2829,62.824,5.01456,0.232819,1,0.143273,-22.2829,-62.824,5.01456,0.232819,0.227194,0.143273,64.928,4.20215,1.13928,0.232819,1,0.143273,-64.928,4.20217,5.01456,0.232819
14.2234,1,14.2401,BaselineAllocator,1.77513,3.18078,0.204319,0.930594,3.06945,0.790725,1.03417,1.22145,0.141788,1.23313,0.121386,0.740404,1,0,0,0,0,0.0481143,0.21523,0.145663,-24.9191,-0.0314127,1.09729,0.237003,1,0.145663,-22.4491,62.7889,5.09821,0.237003,1,0.145663,-22.4491,-62.7889,5.09821,0.237003,0.227194,0.145663,65,-0.0673656,1.15828,0.237003,1,0.145663,-65,-0.0673535,5.09821,0.237003
14.4239,1,14.4401,BaselineAllocator,1.72473,3.17652,0.427194,0.629861,3.06945,0.790725,1.1586,1.10401,0.107332,1.25667,0.12226,0.740404,1,0,0,0,0,0.0502527,0.21523,0.146712,-24.8662,-0.8634,1.10519,0.241283,1,0.146712,-22.4043,62.7984,5.13494,0.241283,1,0.146712,-22.4043,-62.7984,5.13494,0.241283,0.227194,0.146712,64.9861,-1.85085,1.16663,0.241283,1,0.146712,-64.9861,-1.85085,5.13494,0.241283
14.6248,1,14.6401,BaselineAllocator,1.61391,3.17244,0.611388,0.329743,3.06945,0.790725,1.30071,1.07676,0.168443,1.28036,0.146758,0.740404,1,0.146758,-64.8795,5.43092,5.13654,0.0524084,0.21523,0.146758,-25.5103,-1.2134,1.10554,0.245591,1,0.146758,-22.979,62.6746,5.13654,0.245591,1,0.146758,-22.979,-62.6746,5.13654,0.245591,0.227194,0.146758,64.4628,-2.54093,1.16699,0.245591,1,0.146758,-64.9725,-2.60017,5.13654,0.245591
14.8255,1,14.8402,BaselineAllocator,1.45175,3.17013,0.756672,0.028648,3.06945,0.790725,1.42706,1.10507,0.290863,1.30324,0.121874,0.740404,1,0,0,0,0,0.0538272,0.21523,0.146249,-24.8073,-1.20361,1.10171,0.249882,1,0.146249,-22.3539,62.8091,5.11873,0.249882,1,0.146249,-22.3539,-62.809,5.11873,0.249882,0.227194,0.146249,64.9729,-2.57923,1.16294,0.249882,1,0.146249,-64.9729,-2.57924,5.11873,0.249882
15.0264,1,15.0402,BaselineAllocator,1.24653,3.16934,0.86522,-0.241525,3.06945,0.713398,1.49911,1.18532,0.260381,1.3262,0.121242,0.740404,1,0,0,0,0,0.0555323,0.21523,0.14549,-24.5063,-2.45668,1.09598,0.254133,1,0.14549,-22.0995,62.8624,5.09214,0.254133,1,0.14549,-22.0995,-62.8624,5.09214,0.254133,0.227194,0.14549,64.8873,-5.252,1.1569,0.254133,1,0.14549,-64.8873,-5.25199,5.09214,0.254133
15.2271,1,15.2402,BaselineAllocator,1.01115,3.1699,0.934217,-0.454412,3.06945,0.500511,1.53169,1.24526,0.144825,1.34904,0.120934,0.740404,1,0,0,0,0,0.0572269,0.21523,0.14512,-24.0079,-4.89501,1.0932,0.258362,1,0.14512,-21.7075,62.943,5.07921,0.258362,1,0.14512,-21.7075,-62.943,5.07921,0.258362,0.227194,0.14512,64.5556,-10.3699,1.15396,0.258362,1,0.14512,-64.5556,-10.3699,5.07921,0.258362
15.4282,1,15.4402,BaselineAllocator,0.759527,3.17161,0.956533,-0.66761,3.06945,0.287313,1.57956,1.30087,0.265619,1.37179,0.145121,0.740404,1,0.145121,-61.9669,25.9439,5.07923,0.0589122,0.21523,0.145121,-24.532,-6.10292,1.0932,0.262576,1,0.145121,-22.2143,62.8384,5.07923,0.262576,1,0.145121,-22.2143,-62.8384,5.07923,0.262576,0.227194,0.145121,64.3125,-12.8435,1.15397,0.262576,1,0.145121,-64.3125,-12.8435,5.07923,0.262576
15.6285,1,15.6402,BaselineAllocator,0.501718,3.17394,0.930344,-0.880115,3.06945,0.0748075,1.6286,1.31045,0.129122,1.39391,0.120238,0.740404,1,0,0,0,0,0.060096,0.21523,0.144285,-23.589,-6.07659,1.08691,0.266763,1,0.144285,-21.3706,63.0109,5.04999,0.266763,1,0.144285,-21.3706,-63.0109,5.04999,0.266763,0.227194,0.144285,64.3183,-12.7901,1.14733,0.266763,1,0.144285,-64.3183,-12.7901,5.04999,0.266763
15.8291,1,15.8402,BaselineAllocator,0.245733,3.17674,0.85922,-1.093,3.06945,-0.138076,1.67282,1.35198,0.100273,1.416,0.11977,0.740404,1,0,0,0,0,0.0613666,0.21523,0.143724,-23.483,-5.78981,1.08268,0.270926,1,0.143724,-21.266,63.0316,5.03033,0.270926,1,0.143724,-21.266,-63.0316,5.03033,0.270926,0.227194,0.143724,64.3804,-12.207,1.14286,0.270926,1,0.143724,-64.3804,-12.207,5.03033,0.270926
16.03,1,16.0402,BaselineAllocator,-0.00295714,3.17995,0.749579,-1.30611,3.06945,-0.351189,1.70942,1.3968,0.186232,1.43793,0.143748,0.740404,1,0.143748,-62.4926,23.7902,5.03118,0.0626096,0.21523,0.143748,-24.8412,-5.58045,1.08286,0.275063,1,0.143748,-22.4722,62.784,5.03118,0.275063,1,0.143748,-22.4722,-62.784,5.03118,0.275063,0.227194,0.143748,64.4239,-11.7796,1.14305,0.275063,1,0.143748,-64.4239,-11.7796,5.03118,0.275063
16.2308,1,16.2402,BaselineAllocator,-0.242969,3.18296,0.607218,-1.51909,3.06945,-0.564167,1.73595,1.38693,0.229792,1.45931,0.120438,0.740404,1,0.00543279,-63.094,20.948,0.190148,0.0634347,0.21523,0.143439,-24.5737,-4.75891,1.08053,0.279175,1,0.143439,-22.2085,62.8396,5.02035,0.279175,1,0.143439,-22.2085,-62.8396,5.02035,0.279175,0.227194,0.143439,64.5797,-10.0882,1.14059,0.279175,1,0.143439,-64.5797,-10.0882,5.02035,0.279175
16.4313,1,16.4402,BaselineAllocator,-0.473484,3.18566,0.441959,-1.8108,3.06945,-0.585272,1.6903,1.43682,0.192696,1.48091,0.142495,0.740404,1,0.142495,-64.9363,3.95255,4.98734,0.06466,0.21523,0.142495,-25.3964,-0.876909,1.07343,0.283249,1,0.142495,-22.8757,62.6971,4.98734,0.283249,1,0.142495,-22.8757,-62.6971,4.98734,0.283249,0.227194,0.142495,64.5895,-1.84635,1.13309,0.283249,1,0.142495,-64.9856,-1.8798,4.98734,0.283249
16.6319,1,16.6402,BaselineAllocator,-0.699108,3.18758,0.271956,-2.1119,3.06945,-0.585272,1.65673,1.40207,0.113363,1.50195,0.118405,0.740404,1,0,0,0,0,0.0654713,0.21523,0.142086,-24.2703,2.13704,1.07034,0.287295,1,0.142086,-21.8851,62.9067,4.97301,0.287295,1,0.142086,-21.8851,-62.9067,4.97301,0.287295,0.227194,0.142086,64.9147,4.57212,1.12984,0.287295,1,0.142086,-64.9147,4.57212,4.97301,0.287295
16.8323,1,16.8402,BaselineAllocator,-0.927075,3.18836,0.110275,-2.37586,3.06945,-0.67391,1.65168,1.42333,0.313031,1.52344,0.142676,0.740404,1,0.142676,-64.4674,-11.3342,4.99367,0.0666913,0.21523,0.142676,-24.9891,2.50773,1.07479,0.291351,1,0.142676,-22.53,62.7716,4.99367,0.291351,1,0.142676,-22.53,-62.7716,4.99367,0.291351,0.227194,0.142676,64.8826,5.36044,1.13453,0.291351,1,0.142676,-64.8826,5.36045,4.99367,0.291351
17.0329,1,17.0402,BaselineAllocator,-1.15584,3.18883,-0.0400793,-2.4592,3.06945,-0.940209,1.58847,1.31674,0.250169,1.54408,0.118501,0.740404,1,0,0,0,0,0.0670981,0.21523,0.142202,-24.8152,-1.42727,1.07121,0.295397,1,0.142202,-22.3627,62.8072,4.97706,0.295397,1,0.142202,-22.3627,-62.8072,4.97706,0.295397,0.227194,0.142202,64.9619,-3.05757,1.13076,0.295397,1,0.142202,-64.9619,-3.05756,4.97706,0.295397
17.2338,1,17.2402,BaselineAllocator,-1.37054,3.1892,-0.187567,-2.4592,3.06945,-1.24189,1.52024,1.25336,0.134499,1.56504,0.118366,0.740404,1,0,0,0,0,0.0679069,0.21523,0.14204,-24.0656,-4.94285,1.06999,0.299427,1,0.14204,-21.7604,62.9323,4.97139,0.299427,1,0.14204,-21.7604,-62.9323,4.97139,0.299427,0.227194,0.14204,64.5469,-10.4688,1.12947,0.299427,1,0.14204,-64.5469,-10.4687,4.97139,0.299427
17.4339,1,17.4402,BaselineAllocator,-1.55972,3.18922,-0.342753,-2.4592,3.06945,-1.5415,1.50346,1.17414,0.16975,1.58593,0.118888,0.740404,1,0,0,0,0,0.0685437,0.21523,0.142666,-23.8686,-7.01725,1.07471,0.303476,1,0.142666,-21.6564,62.9534,4.9933,0.303476,1,0.142666,-21.6564,-62.9534,4.9933,0.303476,0.227194,0.142666,64.0949,-14.681,1.13445,0.303476,1,0.142666,-64.0949,-14.681,4.9933,0.303476
17.6349,1,17.6402,BaselineAllocator,-1.71952,3.18883,-0.514847,-2.4592,3.06945,-1.84325,1.52514,1.13425,0.205758,1.60711,0.119241,0.740404,1,0,0,0,0,0.0693606,0.21523,0.143089,-23.631,-7.93991,1.0779,0.30755,1,0.143089,-21.4835,62.9883,5.0081,0.30755,1,0.143089,-21.4835,-62.9883,5.0081,0.30755,0.227194,0.143089,63.8469,-16.5009,1.13781,0.30755,1,0.143089,-63.8469,-16.5009,5.0081,0.30755
17.8352,1,17.8402,BaselineAllocator,-1.84802,3.18852,-0.708111,-2.4592,3.06945,-2.14367,1.56478,1.15224,0.160107,1.62845,0.119272,0.740404,1,0,0,0,0,0.0702269,0.21523,0.143126,-23.3375,-8.00277,1.07818,0.311644,1,0.143126,-21.2231,63.0401,5.00941,0.311644,1,0.143126,-21.2231,-63.0401,5.00941,0.311644,0.227194,0.143126,63.829,-16.6235,1.13811,0.311644,1,0.143126,-63.829,-16.6235,5.00941,0.311644
18.0356,1,18.0402,BaselineAllocator,-1.94148,3.18869,-0.916017,-2.32641,3.06945,-2.16067,1.30827,1.08353,0.21971,1.64889,0.116722,0.740404,1,0,0,0,0,0.0706369,0.21523,0.140067,-21.8672,-5.77655,1.05513,0.31565,1,0.140067,-19.8186,63.306,4.90234,0.31565,1,0.140067,-19.8186,-63.306,4.90234,0.31565,0.227194,0.140067,64.3832,-12.18,1.11378,0.31565,1,0.140067,-64.3832,-12.18,4.90234,0.31565
18.2358,1,18.2402,BaselineAllocator,-1.98125,3.18755,-1.10931,-2.02613,3.06945,-2.16067,1.05893,0.913605,0.0993945,1.66828,0.115759,0.740404,1,0,0,0,0,0.0706369,0.21523,0.138911,-20.4374,-5.78058,1.04643,0.319529,1,0.138911,-18.5351,63.5294,4.86189,0.319529,1,0.138911,-18.5351,-63.5294,4.86189,0.319529,0.227194,0.138911,64.3823,-12.1882,1.10459,0.319529,1,0.138911,-64.3823,-12.1882,4.86189,0.319529
18.4358,1,18.4402,BaselineAllocator,-1.95813,3.18196,-1.27517,-1.72596,3.06945,-2.16067,0.922317,0.803169,0.0467177,1.6876,0.116013,0.740404,1,0,0,0,0,0.0706369,0.21523,0.139216,-19.8298,-5.48518,1.04872,0.323392,1,0.139216,-17.9806,63.6203,4.87256,0.323392,1,0.139216,-17.9806,-63.6203,4.87256,0.323392,0.227194,0.139216,64.4432,-11.5846,1.10702,0.323392,1,0.139216,-64.4432,-11.5846,4.87256,0.323392
18.6363,1,18.6402,BaselineAllocator,-1.87053,3.17261,-1.40865,-1.42505,3.06945,-2.16067,0.880132,0.830755,0.0300286,1.70711,0.116788,0.740404,1,0,0,0,0,0.0706369,0.21523,0.140145,-20.1269,-5.15174,1.05572,0.327295,1,0.140145,-18.2387,63.5784,4.90508,0.327295,1,0.140145,-18.2387,-63.5784,4.90508,0.327295,0.227194,0.140145,64.5082,-10.8996,1.1144,0.327295,1,0.140145,-64.5082,-10.8996,4.90508,0.327295
18.8364,1,18.8402,BaselineAllocator,-1.72167,3.16198,-1.50927,-1.12492,3.06945,-2.16067,0.888264,0.976069,0.0249736,1.72694,0.117839,0.740404,1,0,0,0,0,0.0706369,0.21523,0.141407,-21.4055,-4.72811,1.06523,0.331261,1,0.141407,-19.3751,63.3853,4.94925,0.331261,1,0.141407,-19.3751,-63.3853,4.94925,0.331261,0.227194,0.141407,64.5851,-10.0244,1.12444,0.331261,1,0.141407,-64.5851,-10.0244,4.94925,0.331261
19.0366,1,19.0403,BaselineAllocator,-1.51791,3.15302,-1.57932,-0.824695,3.06945,-2.16067,0.908575,1.1675,0.0267562,1.74715,0.118985,0.740404,1,0,0,0,0,0.0706369,0.21523,0.142782,-23.3435,-4.29923,1.07558,0.335302,1,0.142782,-21.0985,63.0647,4.99737,0.335302,1,0.142782,-21.0985,-63.0647,4.99737,0.335302,0.227194,0.142782,64.6565,-9.13294,1.13537,0.335302,1,0.142782,-64.6565,-9.13293,4.99737,0.335302
19.2371,1,19.2403,BaselineAllocator,-1.27411,3.14724,-1.6296,-0.574966,3.06945,-2.28432,0.96099,1.27729,0.317778,1.76856,0.119657,0.740404,1,0,0,0,0,0.0714646,0.21523,0.143588,-23.7586,-4.31902,1.08166,0.339419,1,0.143588,-21.4696,62.9911,5.02558,0.339419,1,0.143588,-21.4696,-62.9911,5.02558,0.339419,0.227194,0.143588,64.6533,-9.17419,1.14178,0.339419,1,0.143588,-64.6533,-9.17417,5.02558,0.339419
19.4379,1,19.4403,BaselineAllocator,-1.01692,3.14444,-1.68676,-0.361925,3.06945,-2.49736,1.04485,1.34225,0.0154765,1.79023,0.12043,0.740404,1,0,0,0,0,0.0723146,0.21523,0.144516,-24.1891,-4.83039,1.08865,0.343584,1,0.144516,-21.8674,62.9104,5.05807,0.343584,1,0.144516,-21.8674,-62.9104,5.05807,0.343584,0.227194,0.144516,64.5671,-10.2362,1.14916,0.343584,1,0.144516,-64.5671,-10.2362,5.05807,0.343584
19.6389,1,19.6403,BaselineAllocator,-0.758805,3.14504,-1.76522,-0.148793,3.06945,-2.71049,1.12755,1.34863,0.322582,1.8125,0.144735,0.740404,1,0.144735,-62.9389,21.7278,5.06573,0.0736679,0.21523,0.144735,-24.6634,-4.98183,1.0903,0.347767,1,0.144735,-22.2948,62.8215,5.06573,0.347767,1,0.144735,-22.2948,-62.8215,5.06573,0.347767,0.227194,0.144735,64.5398,-10.5493,1.1509,0.347767,1,0.144735,-64.5398,-10.5493,5.06573,0.347767
19.8391,1,19.8403,BaselineAllocator,-0.50456,3.14864,-1.86944,0.0633127,3.06945,-2.92259,1.19912,1.39434,0.192847,1.83416,0.120207,0.740404,1,0,0,0,0,0.0745038,0.21523,0.144249,-24.3072,-4.72484,1.08664,0.351932,1,0.144249,-21.9698,62.8893,5.04871,0.351932,1,0.144249,-21.9698,-62.8893,5.04871,0.351932,0.227194,0.144249,64.5857,-10.0176,1.14704,0.351932,1,0.144249,-64.5857,-10.0176,5.04871,0.351932
20.0401,2,0.06,BaselineAllocator,-0.0151563,1.99992,0.00755203,-1.77673,2.12935,1.5457,2.34218,0.413342,1.24189,0.00496707,0.115226,1,1,0.115226,40.0923,-56.4657,4.03292,0.000827845,1,0.115226,21.9907,23.5694,4.03292,0.000827845,1,0.115226,21.4332,62.9984,4.03292,0.000827845,1,0.115226,21.4332,-62.9983,4.03292,0.000827845,1,0.115226,56.1708,40.6131,4.03292,0.000827845,1,0.115226,-56.1708,40.6131,4.03292,0.000827845
20.2408,2,0.26,BaselineAllocator,-0.153938,2.01237,0.118061,-1.50738,2.12935,1.46935,1.91611,1.12829,1.59353,0.0169226,0.08286,1,1,0,0,0,0,0.00157407,1,0.099432,18.0606,6.57622,3.48012,0.00306971,1,0.099432,16.4188,63.8588,3.48012,0.00306971,1,0.099432,16.4188,-63.8588,3.48012,0.00306971,1,0.099432,64.2034,13.7987,3.48012,0.00306971,1,0.099432,-64.2034,13.7987,3.48012,0.00306971
20.4419,2,0.46,BaselineAllocator,-0.342859,2.04351,0.284652,-1.20587,2.12935,1.46935,1.46822,1.34064,1.3762,0.0259438,0.0769046,1,1,0,0,0,0,0.00157407,1,0.0922855,12.445,-3.23592,3.22999,0.00487394,1,0.0922855,11.2803,64.4726,3.22999,0.00487394,1,0.0922855,11.2803,-64.4726,3.22999,0.00487394,1,0.0922855,64.8048,-6.90217,3.22999,0.00487394,1,0.0922855,-64.8048,-6.90218,3.22999,0.00487394
20.6431,2,0.66,BaselineAllocator,-0.529783,2.07539,0.476405,-0.903992,2.12935,1.46935,1.06249,1.33142,1.22379,0.034211,0.0753297,1,1,0,0,0,0,0.00157407,1,0.0903957,2.28981,-7.70761,3.16385,0.00652738,1,0.0903957,2.09407,64.9822,3.16385,0.00652738,1,0.0903957,2.09407,-64.9821,3.16385,0.00652738,1,0.0903957,63.912,-16.0461,3.16385,0.00652738,1,0.0903957,-63.912,-16.0461,3.16385,0.00652738
20.8439,2,0.859999,BaselineAllocator,-0.685019,2.10247,0.67463,-0.602703,2.12935,1.46935,0.799425,1.20189,1.09477,0.0424391,0.0759942,1,1,0,0,0,0,0.00157407,1,0.0911931,-7.61834,-7.38079,3.19176,0.00817301,1,0.0911931,-6.95782,64.8016,3.19176,0.00817301,1,0.0911931,-6.95782,-64.8016,3.19176,0.00817301,1,0.0911931,64.0006,-15.4024,3.19176,0.00817301,1,0.0911931,-64.0006,-15.4024,3.19176,0.00817301
21.045,2,1.06,BaselineAllocator,-0.791286,2.12634,0.866388,-0.317677,2.16874,1.46935,0.767899,1.02191,0.974222,0.0509305,0.0779477,1,1,0,0,0,0,0.00157407,1,0.0935373,-14.7441,-3.79174,3.2738,0.00987128,1,0.0935372,-13.3636,64.2541,3.2738,0.00987128,1,0.0935373,-13.3636,-64.2541,3.2738,0.00987128,1,0.0935372,64.7324,-8.07165,3.2738,0.00987128,1,0.0935372,-64.7324,-8.07165,3.2738,0.00987128
21.2456,2,1.26,BaselineAllocator,-0.841726,2.15654,1.04248,-0.104553,2.38187,1.46935,0.881146,0.865848,0.86109,0.0602083,0.0818547,1,1,0,0,0,0,0.00157407,1,0.0982256,-17.2623,1.18837,3.4379,0.0117269,1,0.0982256,-15.6046,63.9732,3.4379,0.0117269,1,0.0982256,-15.6046,-63.9732,3.4379,0.0117269,1,0.0982256,64.9736,2.5466,3.4379,0.0117269,1,0.0982256,-64.9736,2.54661,3.4379,0.0117269
21.4462,2,1.46,BaselineAllocator,-0.837868,2.20885,1.19648,0.108167,2.59459,1.46935,1.05747,0.796744,0.760881,0.0701414,0.0837943,1,1,0,0,0,0,0.00157407,1,0.100553,-17.7022,5.66341,3.51936,0.0137135,1,0.100553,-16.0697,63.9087,3.51936,0.0137135,1,0.100553,-16.0697,-63.9087,3.51936,0.0137135,1,0.100553,64.4068,11.9492,3.51936,0.0137135,1,0.100553,-64.4068,11.9492,3.51936,0.0137135
21.6464,2,1.66,BaselineAllocator,-0.783293,2.29091,1.325,0.320395,2.80681,1.46935,1.22683,0.846279,0.672919,0.0803386,0.0842662,1,1,0,0,0,0,0.00157407,1,0.101119,-16.7143,9.15107,3.53918,0.0157529,1,0.101119,-15.2915,64.0154,3.53918,0.0157529,1,0.101119,-15.2915,-64.0154,3.53918,0.0157529,1,0.101119,63.4792,18.8324,3.53918,0.0157529,1,0.101119,-63.4792,18.8323,3.53918,0.0157529
21.8472,2,1.86,BaselineAllocator,-0.682688,2.40364,1.42741,0.533288,3.01971,1.46935,1.36378,0.980441,0.596062,0.0905181,0.0838019,1,1,0,0,0,0,0.00157407,1,0.100562,-14.8654,11.4835,3.51968,0.0177888,1,0.100562,-13.7061,64.2144,3.51968,0.0177888,1,0.100562,-13.7061,-64.2144,3.51968,0.0177888,1,0.100562,62.6436,23.1197,3.51968,0.0177888,1,0.100562,-62.6436,23.1197,3.51968,0.0177888
22.0476,2,2.06,BaselineAllocator,-0.541725,2.54389,1.50514,0.74587,3.23229,1.46935,1.46051,1.14217,0.529064,0.100508,0.0828301,1,1,0,0,0,0,0.00157407,1,0.0993962,-12.5992,12.7058,3.47887,0.0197868,1,0.0993962,-11.678,64.434,3.47887,0.0197868,1,0.0993962,-11.678,-64.434,3.47887,0.0197868,1,0.0993962,62.1427,25.2521,3.47887,0.0197868,1,0.0993962,-62.1427,25.2521,3.47887,0.0197868
22.2516,2,2.26,BaselineAllocator,-0.36558,2.70342,1.56067,1.03934,3.25065,1.46935,1.5105,1.2773,0.469925,0.109865,0.0786075,1,1,0,0,0,0,0.00157407,1,0.094329,-11.5487,14.121,3.30152,0.0216582,1,0.094329,-10.7696,64.52,3.30152,0.0216582,1,0.094329,-10.7696,-64.52,3.30152,0.0216582,1,0.094329,61.5126,27.6183,3.30152,0.0216582,1,0.094329,-61.5126,27.6183,3.30152,0.0216582
22.4523,2,2.46,BaselineAllocator,-0.156331,2.86225,1.59769,1.2888,3.25065,1.60567,1.49644,1.36089,0.418712,0.118286,0.0747684,1,1,0,0,0,0,0.00157407,1,0.0897221,-11.0315,12.5447,3.14027,0.0233423,1,0.0897221,-10.2242,64.5681,3.14027,0.0233423,1,0.0897221,-10.2242,-64.5681,3.14027,0.0233423,1,0.0897221,62.2111,24.9756,3.14027,0.0233423,1,0.0897221,-62.2111,24.9756,3.14027,0.0233423
22.6532,2,2.66,BaselineAllocator,0.0799507,3.00355,1.62758,1.50185,3.25065,1.81872,1.45581,1.40062,0.378006,0.126033,0.0724655,1,1,0,0,0,0,0.00157407,1,0.0869586,-11.1393,8.95335,3.04355,0.0248918,1,0.0869586,-10.2051,64.5698,3.04355,0.0248918,1,0.0869586,-10.2051,-64.5698,3.04355,0.0248918,1,0.0869586,63.5424,18.4565,3.04355,0.0248918,1,0.0869586,-63.5425,18.4565,3.04355,0.0248918
22.8541,2,2.86,BaselineAllocator,0.334327,3.11853,1.6631,1.56807,3.25065,2.09286,1.31312,1.4047,0.34671,0.133449,0.0712885,1,1,0,0,0,0,0.00157407,1,0.0855463,-10.4579,3.09794,2.99412,0.0263749,1,0.0855463,-9.48208,64.6293,2.99412,0.0263749,1,0.0855462,-9.48207,-64.6293,2.99412,0.0263749,1,0.0855462,64.821,6.61082,2.99412,0.0263749,1,0.0855463,-64.821,6.61083,2.99412,0.0263749
23.0548,2,3.06,BaselineAllocator,0.59129,3.20461,1.71614,1.56807,3.25065,2.39409,1.18989,1.35789,0.321199,0.140789,0.0716941,1,1,0,0,0,0,0.00157407,1,0.0860329,-9.67303,-3.27626,3.01115,0.027843,1,0.0860329,-8.77328,64.6833,3.01115,0.027843,1,0.0860329,-8.77328,-64.6833,3.01115,0.027843,1,0.0860329,64.7999,-6.98728,3.01115,0.027843,1,0.0860329,-64.7999,-6.9873,3.01115,0.027843
23.255,2,3.26,BaselineAllocator,0.836118,3.26493,1.79589,1.56807,3.25065,2.69404,1.15872,1.29542,0.288528,0.148329,0.0729559,1,1,0,0,0,0,0.00157407,1,0.0875471,-9.30874,-8.28322,3.06415,0.029351,1,0.0875471,-8.51705,64.7017,3.06415,0.029351,1,0.0875471,-8.51705,-64.7017,3.06415,0.029351,1,0.0875471,63.7475,-17.1686,3.06415,0.029351,1,0.0875471,-63.7475,-17.1686,3.06415,0.029351
23.4554,2,3.46,BaselineAllocator,1.05919,3.30535,1.90768,1.56807,3.25065,2.99477,1.20154,1.24416,0.253241,0.156151,0.0742813,1,1,0,0,0,0,0.00157407,1,0.0891375,-9.17793,-11.8588,3.11981,0.0309153,1,0.0891375,-8.48942,64.7037,3.11981,0.0309153,1,0.0891375,-8.48941,-64.7037,3.11981,0.0309153,1,0.0891375,62.4942,-23.7829,3.11981,0.0309153,1,0.0891375,-62.4942,-23.783,3.11981,0.0309153
23.6568,2,3.66,BaselineAllocator,1.25468,3.33157,2.05369,1.56807,3.25065,3.29527,1.28308,1.22143,0.21948,0.164224,0.0752994,1,1,0,0,0,0,0.00157407,1,0.0903593,-9.11671,-14.1434,3.16258,0.0325299,1,0.0903593,-8.50942,64.7022,3.16258,0.0325299,1,0.0903593,-8.50942,-64.7022,3.16258,0.0325299,1,0.0903593,61.5022,-27.6549,3.16258,0.0325299,1,0.0903593,-61.5021,-27.6549,3.16258,0.0325299
23.8575,2,3.86,BaselineAllocator,1.41966,3.348,2.23371,1.56807,3.25065,3.59644,1.37424,1.23395,0.1895,0.172471,0.0759243,1,1,0,0,0,0,0.00157407,1,0.0911092,-9.03803,-15.3437,3.18882,0.0341794,1,0.0911092,-8.48192,64.7042,3.18882,0.0341794,1,0.0911092,-8.48192,-64.7042,3.18882,0.0341794,1,0.0911092,60.9272,-29.573,3.18882,0.0341794,1,0.0911092,-60.9272,-29.573,3.18882,0.0341794
24.0577,2,4.06,BaselineAllocator,1.55342,3.35752,2.4457,1.56807,3.25065,3.8982,1.4565,1.27749,0.164302,0.180812,0.0762054,1,1,0,0,0,0,0.00157407,1,0.0914464,-8.87838,-15.6523,3.20063,0.0358475,1,0.0914464,-8.34473,64.7138,3.20063,0.0358475,1,0.0914464,-8.34473,-64.7138,3.20063,0.0358475,1,0.0914464,60.7738,-30.0531,3.20063,0.0358475,1,0.0914464,-60.7738,-30.0532,3.20063,0.0358475
24.2582,2,4.26,BaselineAllocator,1.65693,3.36183,2.68638,1.56807,3.25065,4.19894,1.51924,1.34102,0.143926,0.189182,0.0762477,1,1,0,0,0,0,0.00157407,1,0.0914972,-8.60618,-15.2537,3.2024,0.0375216,1,0.0914972,-8.07429,64.7322,3.2024,0.0375216,1,0.0914972,-8.07429,-64.7322,3.2024,0.0375216,1,0.0914972,60.9716,-29.4319,3.2024,0.0375216,1,0.0914972,-60.9716,-29.4319,3.2024,0.0375216
24.4589,2,4.46,BaselineAllocator,1.7324,3.36187,2.95172,1.56807,3.25065,4.49996,1.56091,1.41245,0.127754,0.197544,0.076158,1,1,0,0,0,0,0.00157407,1,0.0913896,-8.20956,-14.3208,3.19864,0.0391939,1,0.0913896,-7.67057,64.7585,3.19864,0.0391939,1,0.0913896,-7.67057,-64.7585,3.19864,0.0391939,1,0.0913896,61.4194,-27.9436,3.19864,0.0391939,1,0.0913896,-61.4194,-27.9436,3.19864,0.0391939
24.659,2,4.66,BaselineAllocator,1.78282,3.35828,3.23741,1.56807,3.25065,4.80043,1.58137,1.4819,0.114807,0.205881,0.0760351,1,1,0,0,0,0,0.00157407,1,0.0912421,-7.73084,-13.0299,3.19348,0.0408614,1,0.0912421,-7.18524,64.7883,3.19348,0.0408614,1,0.0912421,-7.18524,-64.7883,3.19348,0.0408614,1,0.0912421,62.003,-25.8038,3.19348,0.0408614,1,0.0912421,-62.003,-25.8038,3.19348,0.0408614
24.8595,2,4.86,BaselineAllocator,1.8117,3.35162,3.53915,1.56807,3.25065,5.10103,1.58399,1.54278,0.104014,0.214194,0.0759384,1,1,0,0,0,0,0.00157407,1,0.091126,-7.21187,-11.5307,3.18941,0.0425241,1,0.091126,-6.66606,64.818,3.18941,0.0425241,1,0.091126,-6.66606,-64.818,3.18941,0.0425241,1,0.091126,62.625,-23.2034,3.18941,0.0425241,1,0.091126,-62.625,-23.2034,3.18941,0.0425241
25.0604,2,5.08,BaselineAllocator,1.82295,3.34149,3.8848,1.56807,3.25065,5.40246,1.54159,1.5955,0.0937295,0.22332,0.0758799,1,1,0,0,0,0,0.00157407,1,0.0910559,-6.59846,-9.77057,3.18696,0.0443492,1,0.0910559,-6.06498,64.8495,3.18696,0.0443492,1,0.0910559,-6.06499,-64.8495,3.18696,0.0443492,1,0.0910559,63.2733,-19.998,3.18696,0.0443492,1,0.0910559,-63.2733,-19.998,3.18696,0.0443492
25.2605,2,5.28,BaselineAllocator,1.81848,3.33054,4.20759,1.56807,3.25065,5.70248,1.51783,1.62914,0.0851541,0.23161,0.075879,1,1,0,0,0,0,0.00157407,1,0.0910548,-6.06114,-8.18184,3.18692,0.0460073,1,0.0910548,-5.54742,64.8742,3.18692,0.0460073,1,0.0910548,-5.54742,-64.8742,3.18692,0.0460073,1,0.0910548,63.7772,-16.972,3.18692,0.0460073,1,0.0910548,-63.7772,-16.972,3.18692,0.0460073
25.4613,2,5.48,BaselineAllocator,1.80357,3.31873,4.53532,1.56807,3.25065,6.0027,1.48772,1.64973,0.0770497,0.239905,0.0759125,1,1,0,0,0,0,0.00157407,1,0.091095,-5.5654,-6.6734,3.18832,0.0476661,1,0.091095,-5.07671,64.8947,3.18832,0.0476661,1,0.091095,-5.07671,-64.8947,3.18832,0.0476661,1,0.091095,64.1801,-13.9938,3.18832,0.0476661,1,0.091095,-64.1801,-13.9938,3.18832,0.0476661
25.6619,2,5.68,BaselineAllocator,1.78132,3.30683,4.86546,1.56807,3.25065,6.30447,1.45581,1.65868,0.0692988,0.248209,0.075961,1,1,0,0,0,0,0.00157407,1,0.0911532,-5.11911,-5.28853,3.19036,0.0493269,1,0.0911532,-4.65811,64.9114,3.19036,0.0493269,1,0.0911532,-4.65811,-64.9114,3.19036,0.0493269,1,0.0911532,64.482,-11.1811,3.19036,0.0493269,1,0.0911532,-64.482,-11.1811,3.19036,0.0493269
25.8624,2,5.88,BaselineAllocator,1.75446,3.29548,5.19596,1.56807,3.25065,6.60497,1.42199,1.6578,0.061894,0.256524,0.0760131,1,1,0,0,0,0,0.00157407,1,0.0912157,-4.75623,-4.06325,3.19255,0.0509899,1,0.0912157,-4.32055,64.9238,3.19255,0.0509899,1,0.0912157,-4.32055,-64.9238,3.19255,0.0509899,1,0.0912157,64.6929,-8.6403,3.19255,0.0509899,1,0.0912157,-64.6929,-8.64031,3.19255,0.0509899
26.0625,2,6.08,BaselineAllocator,1.72528,3.2852,5.52525,1.56807,3.25065,6.90494,1.38905,1.64942,0.0548382,0.264848,0.0760522,1,1,0,0,0,0,0.00157407,1,0.0912626,-4.45413,-3.00384,3.19419,0.0526549,1,0.0912626,-4.04162,64.9334,3.19419,0.0526549,1,0.0912626,-4.04162,-64.9334,3.19419,0.0526549,1,0.0912626,64.8317,-6.41191,3.19419,0.0526549,1,0.0912626,-64.8317,-6.41191,3.19419,0.0526549
26.2634,2,6.27999,BaselineAllocator,1.69567,3.2763,5.85224,1.56807,3.25065,7.2071,1.36109,1.63567,0.0482999,0.27318,0.0760718,1,1,0,0,0,0,0.00157407,1,0.0912862,-4.20629,-2.11297,3.19502,0.0543212,1,0.0912862,-3.81422,64.9407,3.19502,0.0543212,1,0.0912862,-3.81423,-64.9407,3.19502,0.0543212,1,0.0912862,64.9166,-4.52092,3.19502,0.0543212,1,0.0912862,-64.9166,-4.52092,3.19502,0.0543212
26.464,2,6.47999,BaselineAllocator,1.66707,3.26897,6.17619,1.56807,3.25065,7.50794,1.33555,1.6186,0.0421733,0.281514,0.0760786,1,1,0,0,0,0,0.00157407,1,0.0912943,-4.07281,-1.40437,3.1953,0.0559881,1,0.0912943,-3.69179,64.9444,3.1953,0.0559881,1,0.0912943,-3.69179,-64.9444,3.1953,0.0559881,1,0.0912943,64.9631,-3.00864,3.1953,0.0559881,1,0.0912943,-64.9631,-3.00864,3.1953,0.0559881
26.6643,2,6.67999,BaselineAllocator,1.64057,3.2632,6.4965,1.56807,3.25065,7.71751,1.22322,1.59378,0.041288,0.289842,0.0759508,1,1,0,0,0,0,0.00157407,1,0.091141,-2.55494,-0.478031,3.18993,0.0576536,1,0.091141,-2.31555,64.9782,3.18993,0.0576536,1,0.091141,-2.31555,-64.9781,3.18993,0.0576536,1,0.0911409,64.9957,-1.02503,3.18993,0.0576536,1,0.091141,-64.9957,-1.02504,3.18993,0.0576536
26.8646,2,6.87999,BaselineAllocator,1.61575,3.25863,6.80504,1.38294,3.25065,7.71751,0.941738,1.49964,0.0812201,0.298152,0.0761171,1,1,0,0,0,0,0.00157407,1,0.0913405,2.78295,-1.8398,3.19692,0.0593156,1,0.0913405,2.52331,64.9741,3.19692,0.0593156,1,0.0913405,2.52331,-64.9741,3.19692,0.0593156,1,0.0913405,64.9367,-3.93853,3.19692,0.0593156,1,0.0913405,-64.9367,-3.93853,3.19692,0.0593156
27.0647,2,7.07999,BaselineAllocator,1.58121,3.25594,7.08748,1.08232,3.25065,7.71751,0.803657,1.35612,0.112255,0.306593,0.0769687,1,1,0,0,0,0,0.00157407,1,0.0923625,7.61766,-5.00801,3.23269,0.0610038,1,0.0923625,6.9264,64.8034,3.23269,0.0610038,1,0.0923625,6.9264,-64.8034,3.23269,0.0610038,1,0.0923625,64.535,-10.6033,3.23269,0.0610038,1,0.0923625,-64.535,-10.6033,3.23269,0.0610038
27.2658,3,0.14,BaselineAllocator,-0.0644511,2.0085,0.0232107,-2.14375,2.30878,0.785603,2.23492,0.774366,1.56598,0.0107378,0.0934787,1,1,0,0,0,0,0.00136557,1,0.112174,4.64201,23.6714,3.9261,0.00187444,1,0.112174,4.59058,64.914,3.9261,0.00187444,1,0.112174,4.59058,-64.914,3.9261,0.00187444,1,0.112174,56.1043,40.7284,3.9261,0.00187444,1,0.112174,-56.1043,40.7284,3.9261,0.00187444
27.4664,3,0.34,BaselineAllocator,-0.269181,2.05782,0.0982541,-2.44469,2.30878,0.785603,2.29527,1.37228,1.49755,0.0223836,0.0856645,1,1,0,0,0,0,0.00158838,1,0.102797,-3.95664,23.8409,3.59791,0.00415904,1,0.102797,-3.91858,64.9374,3.59791,0.00415904,1,0.102797,-3.91858,-64.9374,3.59791,0.00415904,1,0.102797,55.9935,40.919,3.59791,0.00415904,1,0.102797,-55.9935,40.919,3.59791,0.00415904
27.6676,3,0.54,BaselineAllocator,-0.560477,2.13123,0.196087,-2.74625,2.30878,0.785603,2.27083,1.72427,1.31266,0.0321765,0.0800853,1,1,0,0,0,0,0.00158838,1,0.0961023,-10.4117,20.8863,3.36358,0.00611763,1,0.0961023,-10.0724,64.5811,3.36358,0.00611763,1,0.0961023,-10.0724,-64.5811,3.36358,0.00611763,1,0.0961023,57.8604,37.3996,3.36358,0.00611763,1,0.0961023,-57.8604,37.3996,3.36358,0.00611763
27.8677,3,0.74,BaselineAllocator,-0.907147,2.2085,0.299961,-3.04655,2.30878,0.785603,2.19612,1.93653,1.15798,0.0409076,0.0762909,1,1,0,0,0,0,0.00158838,1,0.0915491,-13.6856,15.0841,3.20422,0.00786384,1,0.0915491,-12.8047,64.3167,3.20422,0.00786384,1,0.0915491,-12.8047,-64.3167,3.20422,0.00786384,1,0.0915491,61.0546,29.165,3.20422,0.00786384,1,0.0915491,-61.0546,29.165,3.20422,0.00786384
28.0677,3,0.939999,BaselineAllocator,-1.28967,2.27576,0.401288,-3.34687,2.30878,0.785603,2.09305,2.05327,1.03064,0.049001,0.0741115,1,1,0,0,0,0,0.00158838,1,0.0889337,-13.88,8.72548,3.11268,0.00948253,1,0.0889337,-12.6979,64.3283,3.11268,0.00948253,1,0.0889337,-12.6979,-64.3283,3.11268,0.00948253,1,0.0889337,63.6138,18.0209,3.11268,0.00948253,1,0.0889337,-63.6138,18.0209,3.11268,0.00948253
28.2688,3,1.14,BaselineAllocator,-1.69303,2.32656,0.49492,-3.64768,2.30878,0.785603,1.97622,2.10532,0.917593,0.0567882,0.0732281,1,1,0,0,0,0,0.00158838,1,0.0878737,-12.0731,3.5174,3.07558,0.01104,1,0.0878737,-10.9472,64.5038,3.07558,0.01104,1,0.0878737,-10.9472,-64.5038,3.07558,0.01104,1,0.0878737,64.7695,7.49533,3.07558,0.01104,1,0.0878737,-64.7695,7.49532,3.07558,0.01104
28.4689,3,1.34,BaselineAllocator,-2.10595,2.35969,0.577882,-3.92836,2.30878,0.736609,1.83003,2.11209,0.816262,0.064491,0.0731389,1,1,0,0,0,0,0.00158838,1,0.0877667,-8.99967,-0.783382,3.07183,0.0125805,1,0.0877667,-8.15119,64.727,3.07183,0.0125805,1,0.0877667,-8.15119,-64.727,3.07183,0.0125805,1,0.0877667,64.9885,-1.67944,3.07183,0.0125805,1,0.0877667,-64.9885,-1.67943,3.07183,0.0125805
28.67,3,1.54,BaselineAllocator,-2.516,2.37701,0.643361,-3.95221,2.30878,0.44508,1.45144,2.03235,0.735835,0.0722482,0.0738881,1,1,0,0,0,0,0.00158838,1,0.0886658,-0.84426,-6.78771,3.1033,0.014132,1,0.0886658,-0.770556,64.9976,3.1033,0.014132,1,0.0886658,-0.770554,-64.9976,3.1033,0.014132,1,0.0886658,64.1522,-14.2228,3.1033,0.014132,1,0.0886658,-64.1522,-14.2228,3.1033,0.014132
28.8704,3,1.74,BaselineAllocator,-2.9027,2.38336,0.676774,-3.95221,2.30878,0.144436,1.17916,1.85735,0.662367,0.0803411,0.075914,1,1,0,0,0,0,0.00158838,1,0.0910968,7.36737,-9.77587,3.18839,0.0157505,1,0.0910968,6.77093,64.8122,3.18839,0.0157505,1,0.0910968,6.77092,-64.8122,3.18839,0.0157505,1,0.0910968,63.2715,-20.0078,3.18839,0.0157505,1,0.0910968,-63.2715,-20.0078,3.18839,0.0157505
29.0711,3,1.94,BaselineAllocator,-3.24717,2.38591,0.670835,-3.67383,2.30878,0.101994,0.715237,1.59673,0.593315,0.0888738,0.0778638,1,1,0,0,0,0,0.00158838,1,0.0934365,16.534,-4.96089,3.27028,0.0174571,1,0.0934365,14.9995,64.0539,3.27028,0.0174571,1,0.0934365,14.9995,-64.0539,3.27028,0.0174571,1,0.0934365,64.5436,-10.506,3.27028,0.0174571,1,0.0934365,-64.5436,-10.506,3.27028,0.0174571
29.2718,3,2.14,BaselineAllocator,-3.52635,2.39093,0.634987,-3.37314,2.30878,0.101994,0.560627,1.24404,0.532957,0.0978789,0.080008,1,1,0,0,0,0,0.00158838,1,0.0960096,22.5043,2.31238,3.36034,0.0192581,1,0.0960096,20.312,63.2152,3.36034,0.0192581,1,0.0960096,20.312,-63.2152,3.36034,0.0192581,1,0.0960096,64.9001,4.94525,3.36034,0.0192581,1,0.0960096,-64.9001,4.94524,3.36034,0.0192581
29.4722,3,2.34,BaselineAllocator,-3.71843,2.40092,0.579498,-3.07229,2.30878,0.101994,0.808699,0.783422,0.463981,0.107585,0.0808042,1,1,0,0,0,0,0.00191579,1,0.0969651,23.0314,8.55772,3.39378,0.0211338,1,0.0969651,20.9745,63.0889,3.39378,0.0211338,1,0.0969651,20.9745,-63.0889,3.39378,0.0211338,1,0.0969651,63.6652,17.6987,3.39378,0.0211338,1,0.0969651,-63.6652,17.6987,3.39378,0.0211338
29.6729,3,2.54,BaselineAllocator,-3.80854,2.41233,0.507916,-2.85696,2.30878,-0.103745,1.13593,0.464612,0.400264,0.117135,0.0801712,1,1,0,0,0,0,0.00211804,1,0.0962055,22.4615,9.77095,3.36719,0.0230033,1,0.0962055,20.5243,63.1753,3.36719,0.0230033,1,0.0962055,20.5243,-63.1753,3.36719,0.0230033,1,0.0962055,63.2732,19.9987,3.36719,0.0230033,1,0.0962055,-63.2732,19.9987,3.36719,0.0230033
29.8737,3,2.74,BaselineAllocator,-3.81144,2.42563,0.418597,-2.64388,2.30878,-0.316831,1.38481,0.523211,0.35561,0.126343,0.0793325,1,1,0,0,0,0,0.00216239,1,0.095199,22.4107,10.4242,3.33196,0.0248362,1,0.095199,20.5155,63.1769,3.33196,0.0248362,1,0.095199,20.5155,-63.1769,3.33196,0.0248362,1,0.095199,63.0433,21.207,3.33196,0.0248362,1,0.095199,-63.0433,21.207,3.33196,0.0248362
30.0748,3,2.94,BaselineAllocator,-3.7468,2.43809,0.309375,-2.83049,2.30878,-0.474824,1.21297,0.726486,0.314988,0.134988,0.0754858,1,1,0,0,0,0,0.00216239,1,0.0905829,17.7524,6.3714,3.1704,0.0265652,1,0.0905829,16.1345,63.8995,3.1704,0.0265652,1,0.0905829,16.1345,-63.8995,3.1704,0.0265652,1,0.0905829,64.2515,13.3864,3.1704,0.0265652,1,0.0905829,-64.2515,13.3864,3.1704,0.0265652
30.2754,3,3.14,BaselineAllocator,-3.65196,2.44147,0.185654,-3.13119,2.30878,-0.474824,0.851493,0.802946,0.309902,0.142889,0.0734636,1,1,0,0,0,0,0.00216239,1,0.0881564,9.38033,1.85761,3.08547,0.0281452,1,0.0881564,8.499,64.703,3.08547,0.0281452,1,0.0881564,8.499,-64.703,3.08547,0.0281452,1,0.0881564,64.9355,3.97657,3.08547,0.0281452,1,0.0881564,-64.9355,3.97656,3.08547,0.0281452
30.4763,3,3.34,BaselineAllocator,-3.55847,2.43253,0.0584738,-3.37125,2.30878,-0.474824,0.578595,0.768523,0.298551,0.150704,0.0740566,1,1,0,0,0,0,0.00216239,1,0.0888679,2.54642,-2.10418,3.11038,0.0297082,1,0.0888679,2.30931,64.9783,3.11038,0.0297082,1,0.0888679,2.30931,-64.9783,3.11038,0.0297082,1,0.0888679,64.9173,-4.50223,3.11038,0.0297082,1,0.0888679,-64.9173,-4.50224,3.11038,0.0297082
30.6774,3,3.54,BaselineAllocator,-3.47898,2.41538,-0.0643767,-3.11774,2.30878,-0.474824,0.557065,0.715923,0.233031,0.158698,0.074886,1,1,0,0,0,0,0.00216239,1,0.0898632,1.68978,1.13274,3.14521,0.0313071,1,0.0898632,1.53182,64.9904,3.14521,0.0313071,1,0.0898632,1.53181,-64.9904,3.14521,0.0313071,1,0.0898632,64.976,2.4277,3.14521,0.0313071,1,0.0898632,-64.976,2.42771,3.14521,0.0313071
30.8777,3,3.74,BaselineAllocator,-3.39902,2.39488,-0.17784,-2.81728,2.30878,-0.474824,0.658816,0.694634,0.204456,0.16689,0.0758713,1,1,0,0,0,0,0.00216239,1,0.0910455,1.65236,5.11384,3.18659,0.0329455,1,0.0910455,1.50351,64.9908,3.18659,0.0329455,1,0.0910455,1.5035,-64.9908,3.18659,0.0329455,1,0.0910455,64.5153,10.8217,3.18659,0.0329455,1,0.0910455,-64.5153,10.8217,3.18659,0.0329455
31.0784,3,3.94,BaselineAllocator,-3.30481,2.37526,-0.278723,-2.51658,2.30878,-0.474824,0.814975,0.706112,0.186812,0.175288,0.0767314,0.8556,0.133599,0,0,0,0,0.00216239,1,0.0920777,1.60285,8.47485,3.22272,0.0346252,1,0.0920777,1.46867,64.9912,3.22272,0.0346252,1,0.0920777,1.46867,-64.9912,3.22272,0.0346252,1,0.0920777,63.6903,17.539,3.22272,0.0346252,1,0.0920777,-63.6903,17.539,3.22272,0.0346252
31.2795,3,4.14,BaselineAllocator,-3.18837,2.35949,-0.365212,-2.21475,2.30878,-0.474824,0.981084,0.756482,0.166724,0.183842,0.0773,0.8556,0.133599,0,0,0,0,0.00216239,1,0.0927599,1.50397,11.073,3.2466,0.036336,1,0.0927599,1.38888,64.9922,3.2466,0.036336,1,0.0927599,1.38888,-64.9922,3.2466,0.036336,1,0.0927599,62.8024,22.3854,3.2466,0.036336,1,0.0927599,-62.8024,22.3854,3.2466,0.036336
31.48,3,4.36,BaselineAllocator,-3.02969,2.34827,-0.442891,-1.91388,2.30878,-0.474824,1.11697,0.852194,0.143566,0.193347,0.0775317,0.8556,0.133599,0,0,0,0,0.00216239,1,0.0930381,1.32751,12.98,3.25633,0.0382369,1,0.0930381,1.23465,64.9938,3.25633,0.0382369,1,0.0930381,1.23464,-64.9938,3.25633,0.0382369,1,0.0930381,62.0247,25.7192,3.25633,0.0382369,1,0.0930381,-62.0247,25.7192,3.25633,0.0382369
31.6812,3,4.56,BaselineAllocator,-2.85607,2.3436,-0.497836,-1.61223,2.30878,-0.474824,1.24454,0.962124,0.124191,0.202,0.0774701,0.8556,0.133599,0,0,0,0,0.00216239,1,0.0929641,1.17521,13.986,3.25375,0.0399674,1,0.0929641,1.09762,64.9951,3.25375,0.0399674,1,0.0929641,1.09762,-64.9951,3.25375,0.0399674,1,0.0929641,61.5749,27.3974,3.25375,0.0399674,1,0.0929641,-61.5749,27.3974,3.25375,0.0399674
31.8825,3,4.76,BaselineAllocator,-2.65491,2.34314,-0.538741,-1.31072,2.30878,-0.474824,1.34615,1.07993,0.107688,0.210612,0.0772169,0.8556,0.133599,0,0,0,0,0.00216239,1,0.0926603,1.03195,14.3336,3.24311,0.04169,1,0.0926603,0.965298,64.9962,3.24311,0.04169,1,0.0926603,0.965294,-64.9962,3.24311,0.04169,1,0.0926603,61.4134,27.9643,3.24311,0.04169,1,0.0926603,-61.4134,27.9643,3.24311,0.04169
32.0827,3,4.96,BaselineAllocator,-2.42807,2.34576,-0.566949,-1.04319,2.38988,-0.474824,1.38864,1.19213,0.0942772,0.219237,0.0783631,0.8556,0.133599,0,0,0,0,0.00216239,1,0.0940357,0.71849,13.4169,3.29125,0.0434149,1,0.0940357,0.669439,64.9982,3.29125,0.0434149,1,0.0940357,0.669439,-64.9982,3.29125,0.0434149,1,0.0940357,61.8327,26.4549,3.29125,0.0434149,1,0.0940357,-61.8326,26.4549,3.29125,0.0434149
32.2837,3,5.16,BaselineAllocator,-2.18108,2.35944,-0.584151,-0.830377,2.60269,-0.474824,1.37678,1.27575,0.0869782,0.228438,0.0810024,0.8556,0.133599,0,0,0,0,0.00216239,1,0.0972029,0.227949,11.3121,3.4021,0.045255,1,0.0972029,0.21069,64.9998,3.4021,0.045255,1,0.0972029,0.210681,-64.9998,3.4021,0.045255,1,0.0972029,62.7105,22.8141,3.4021,0.045255,1,0.0972029,-62.7105,22.8141,3.4021,0.045255
32.4838,3,5.36,BaselineAllocator,-1.92112,2.39611,-0.592198,-0.569528,2.69901,-0.474824,1.39008,1.34441,0.0792495,0.237913,0.0801767,0.8556,0.133599,0,0,0,0,0.00216239,1,0.096212,0.138821,10.2862,3.36742,0.0471502,1,0.096212,0.127866,64.9999,3.36742,0.0471502,1,0.096212,0.127872,-64.9999,3.36742,0.0471502,1,0.096212,63.0929,20.9536,3.36742,0.0471502,1,0.096212,-63.0929,20.9536,3.36742,0.0471502
32.6841,3,5.56,BaselineAllocator,-1.65068,2.45029,-0.593295,-0.311511,2.69901,-0.576946,1.36217,1.40353,0.0756549,0.246841,0.077575,0.8556,0.133599,0,0,0,0,0.00216239,1,0.09309,1.69658,8.82749,3.25815,0.0489356,1,0.09309,1.55601,64.9901,3.25815,0.0489356,1,0.09309,1.556,-64.9901,3.25815,0.0489356,1,0.09309,63.582,18.2162,3.25815,0.0489356,1,0.09309,-63.582,18.2162,3.25815,0.0489356
32.8847,3,5.76,BaselineAllocator,-1.37303,2.50937,-0.596381,-0.0989012,2.69901,-0.789555,1.30256,1.42781,0.0925201,0.255282,0.075907,0.8556,0.133599,0,0,0,0,0.00216239,1,0.0910884,4.68146,6.10107,3.1881,0.0506238,1,0.0910884,4.26604,64.9257,3.1881,0.0506238,1,0.0910884,4.26604,-64.9257,3.1881,0.0506238,1,0.0910884,64.3129,12.8397,3.1881,0.0506238,1,0.0910884,-64.3129,12.8397,3.1881,0.0506238
33.0852,3,5.96,BaselineAllocator,-1.09141,2.56498,-0.61662,0.180597,2.69901,-0.841544,1.29868,1.46268,0.642775,0.265033,0.0885124,0.723039,0.133599,0,0,0,0,0.00216239,1,0.106215,1.82867,5.5867,3.71752,0.052574,1,0.106215,1.66519,64.9887,3.71752,0.052574,1,0.106215,1.66518,-64.9887,3.71752,0.052574,0.204636,0.106215,64.4226,11.7923,0.76074,0.052574,1,0.106215,-64.4226,11.7923,3.71752,0.052574
33.2856,3,6.16,BaselineAllocator,-0.800255,2.61201,-0.677743,0.48082,2.69901,-0.841544,1.29443,1.54638,0.518725,0.276469,0.0897997,0.723039,0.133599,0,0,0,0,0.00216239,1,0.10776,-8.90674,6.04907,3.77159,0.0548614,1,0.10776,-8.11078,64.7297,3.77159,0.0548614,1,0.10776,-8.11079,-64.7297,3.77159,0.0548614,0.204636,0.10776,64.3244,12.7343,0.771804,0.0548614,1,0.10776,-64.3244,12.7343,3.77159,0.0548614
33.4861,3,6.35999,BaselineAllocator,-0.499068,2.65141,-0.775191,0.781939,2.69901,-0.841544,1.28361,1.63411,0.380362,0.28837,0.0918791,0.723039,0.133599,0,0,0,0,0.00216239,1,0.110255,-17.8416,6.48609,3.85892,0.0572415,1,0.110255,-16.2184,63.8876,3.85892,0.0572415,1,0.110255,-16.2184,-63.8876,3.85892,0.0572415,0.204636,0.110255,64.2248,13.6174,0.789675,0.0572415,1,0.110255,-64.2248,13.6175,3.85892,0.0572415
33.687,3,6.55999,BaselineAllocator,-0.189599,2.6864,-0.89746,1.08324,2.69901,-0.841544,1.27413,1.69705,0.234575,0.301373,0.112918,0.723039,0.133599,0.112918,-61.5771,-27.3898,0.527999,0.00267161,1,0.112918,-25.1323,6.70762,3.95211,0.0597402,1,0.112918,-22.7735,62.7193,3.95211,0.0597402,1,0.112918,-22.7735,-62.7193,3.95211,0.0597402,0.204636,0.112918,64.0443,13.9813,0.808746,0.0597402,1,0.112918,-64.1718,14.0624,3.95211,0.0597402
33.8873,3,6.75999,BaselineAllocator,0.125868,2.71837,-1.02366,1.38376,2.69901,-0.841544,1.27115,1.70968,0.155878,0.31688,0.114214,0.723039,0.133599,0.114214,-62.8943,-21.9457,0.534062,0.00525614,1,0.114214,-29.0973,6.11132,3.99749,0.0623248,1,0.114214,-26.2731,61.8808,3.99749,0.0623248,1,0.114214,-26.2731,-61.8808,3.99749,0.0623248,0.204636,0.114214,60.3229,10.8295,0.818032,0.0623248,1,0.114214,-64.3106,12.8605,3.99749,0.0623248
34.0884,3,6.95999,BaselineAllocator,0.444678,2.7477,-1.14105,1.68244,2.69901,-0.841544,1.27441,1.69856,0.134624,0.332679,0.115125,0.723039,0.133599,0.115125,-63.6046,-18.0779,0.538322,0.00788931,1,0.115125,-32.0218,5.52709,4.02938,0.0649579,1,0.115125,-28.8274,61.1578,4.02938,0.0649579,1,0.115125,-28.8274,-61.1578,4.02938,0.0649579,0.204636,0.115125,57.5548,8.75522,0.824557,0.0649579,1,0.115125,-64.4347,11.6704,4.02938,0.0649579
34.2888,3,7.15999,BaselineAllocator,0.763941,2.77404,-1.24573,1.91965,2.69901,-1.00167,1.18358,1.67195,0.0588115,0.348451,0.113805,0.723039,0.133599,0.113805,-64.5125,-10.8518,0.532151,0.010518,1,0.113805,-31.8877,3.20091,3.98319,0.0675866,1,0.113805,-28.6398,61.2144,3.98319,0.0675866,1,0.113805,-28.6398,-61.2144,3.98319,0.0675866,0.204636,0.113805,57.9689,5.12851,0.815105,0.0675866,1,0.113805,-64.809,6.82828,3.98319,0.0675866
34.4898,3,7.35999,BaselineAllocator,1.0777,2.79427,-1.34682,2.13253,2.69901,-1.21454,1.06735,1.63331,0.0327473,0.363801,0.112662,0.723039,0.133599,0.112662,-64.9525,-3.41304,0.526807,0.0130762,1,0.112662,-30.3042,0.931671,3.94319,0.0701449,1,0.112663,-27.2168,61.6253,3.94319,0.0701449,1,0.112663,-27.2168,-61.6253,3.94319,0.0701449,0.204636,0.112662,59.6829,1.59362,0.806919,0.0701449,1,0.112662,-64.9838,1.99708,3.94319,0.0701449
34.6901,3,7.55999,BaselineAllocator,1.38095,2.80673,-1.4544,2.34504,2.69901,-1.42706,0.970476,1.59144,0.0564508,0.378966,0.112311,0.723039,0.133599,0.112311,-64.9792,2.25943,0.525161,0.0156038,1,0.112311,-28.7726,-0.578965,3.93087,0.0726724,1,0.112311,-25.8651,61.9872,3.93087,0.0726724,1,0.112311,-25.8651,-61.9872,3.93087,0.0726724,0.204636,0.112311,61.2221,-1.05419,0.804398,0.0726724,1,0.112311,-64.9937,-1.24138,3.93087,0.0726724
34.8903,3,7.75999,BaselineAllocator,1.67112,2.81191,-1.57435,2.55743,2.69901,-1.63944,0.895831,1.55427,0.0602391,0.394109,0.112423,0.723039,0.133599,0.112423,-64.8526,6.00274,0.525686,0.0181276,1,0.112423,-27.613,-1.47146,3.9348,0.0751962,1,0.112423,-24.8459,62.2428,3.9348,0.0751962,1,0.112423,-24.8459,-62.2428,3.9348,0.0751962,0.204636,0.112423,62.3509,-2.81053,0.805202,0.0751962,1,0.112423,-64.9595,-3.15203,3.9348,0.0751962
35.0905,3,7.95999,BaselineAllocator,1.94734,2.81143,-1.70958,2.77421,2.69901,-1.84115,0.844783,1.52627,0.0539662,0.409318,0.112744,0.723039,0.133599,0.112744,-64.7487,7.82379,0.527189,0.0206625,1,0.112744,-26.875,-1.86462,3.94604,0.0777311,1,0.112744,-24.1964,62.3982,3.94605,0.0777311,1,0.112744,-24.1964,-62.3982,3.94605,0.0777311,0.204636,0.112744,63.0652,-3.67366,0.807504,0.0777311,1,0.112744,-64.935,-3.99152,3.94604,0.0777311
35.2911,3,8.16,BaselineAllocator,2.20878,2.80821,-1.85689,2.8316,2.69901,-1.84115,0.63252,1.46502,0.0932787,0.424982,0.115569,0.723039,0.133599,0.115569,-64.2036,13.7968,0.540398,0.0232732,1,0.115569,-30.4245,-3.88147,4.04492,0.0803418,1,0.115569,-27.3703,61.5825,4.04492,0.0803418,1,0.115569,-27.3703,-61.5825,4.04492,0.0803418,0.204636,0.115569,59.3525,-6.57527,0.827738,0.0803418,1,0.115569,-64.7197,-8.25978,4.04492,0.0803418
35.4916,3,8.36,BaselineAllocator,2.44579,2.80753,-2.00228,2.8316,2.69901,-1.84115,0.43196,1.31939,0.158273,0.441403,0.118007,0.723039,0.133599,0.118007,-63.4387,19.0688,0.551798,0.0260101,1,0.118007,-33.9976,-6.32419,4.13025,0.0830787,1,0.118007,-30.5903,60.5974,4.13025,0.0830787,1,0.118007,-30.5903,-60.5974,4.13025,0.0830787,0.204636,0.118007,55.4889,-9.27592,0.845198,0.0830787,1,0.118007,-64.2624,-13.2911,4.13025,0.0830787
35.6918,3,8.56001,BaselineAllocator,2.64943,2.81238,-2.13493,2.8316,2.69901,-1.84115,0.363788,1.12569,0.17303,0.458374,0.119516,0.723039,0.133599,0.119516,-63.1723,20.5399,0.558854,0.0288384,1,0.119516,-37.0692,-7.70373,4.18306,0.085907,1,0.119516,-33.3297,59.6147,4.18306,0.085907,1,0.119516,-33.3297,-59.6147,4.18306,0.085907,0.204636,0.119516,52.2516,-10.0621,0.856006,0.085907,1,0.119516,-63.9131,-16.0385,4.18306,0.085907
35.8926,3,8.76001,BaselineAllocator,2.81589,2.82294,-2.24863,2.8316,2.69901,-1.84115,0.426194,0.913194,0.156373,0.475624,0.120081,0.723039,0.133599,0.120081,-63.2844,19.9372,0.561496,0.0317136,1,0.120081,-39.3812,-8.09837,4.20284,0.0887822,1,0.120081,-35.3431,58.7949,4.20284,0.0887822,1,0.120081,-35.3431,-58.7949,4.20284,0.0887822,0.204636,0.120081,49.9278,-9.73803,0.860053,0.0887822,1,0.120081,-63.8015,-16.8098,4.20284,0.0887822
36.0929,3,8.96001,BaselineAllocator,2.94514,2.83758,-2.34068,2.8316,2.69901,-1.84115,0.530682,0.703324,0.122929,0.492914,0.1199,0.723039,0.133599,0.1199,-63.5785,18.2378,0.56065,0.0345951,1,0.1199,-40.8277,-7.72142,4.1965,0.0916637,1,0.1199,-36.5567,58.2561,4.1965,0.0916637,1,0.1199,-36.5567,-58.2561,4.1965,0.0916637,0.204636,0.1199,48.5746,-8.83879,0.858757,0.0916637,1,0.1199,-63.9082,-16.0732,4.1965,0.0916637
36.2939,3,9.16002,BaselineAllocator,3.03986,2.85385,-2.41097,2.8316,2.69901,-1.84115,0.626133,0.51043,0.0839811,0.51007,0.119253,0.723039,0.133599,0.119253,-63.9124,16.0434,0.557626,0.0374545,1,0.119253,-41.4329,-6.85948,4.17387,0.0945232,1,0.119253,-37.0248,58.0386,4.17387,0.0945232,1,0.119253,-37.0248,-58.0386,4.17387,0.0945232,0.204636,0.119253,48.1046,-7.7062,0.854125,0.0945232,1,0.119253,-64.1345,-14.3663,4.17387,0.0945232
36.4947,3,9.36002,BaselineAllocator,3.10439,2.86929,-2.46113,2.8316,2.69901,-1.84115,0.698411,0.342753,0.0488646,0.527005,0.11841,0.723039,0.133599,0.11841,-64.2126,13.7213,0.55368,0.0402771,1,0.11841,-41.3215,-5.78278,4.14433,0.0973457,1,0.11841,-36.88,58.1064,4.14433,0.0973457,1,0.11841,-36.88,-58.1064,4.14433,0.0973457,0.204636,0.11841,48.3479,-6.53773,0.848081,0.0973457,1,0.11841,-64.3819,-12.1927,4.14433,0.0973457
36.6956,3,9.56003,BaselineAllocator,3.14383,2.88194,-2.49383,2.8316,2.69901,-1.84115,0.746283,0.203848,0.0280769,0.543698,0.117574,0.723039,0.133599,0.117574,-64.4546,11.4679,0.549775,0.0430592,1,0.117574,-40.6787,-4.68473,4.1151,0.100128,1,0.117574,-36.2907,58.3772,4.1151,0.100128,1,0.117574,-36.2907,-58.3772,4.1151,0.100128,0.204636,0.117574,49.0992,-5.42823,0.842099,0.100128,1,0.117574,-64.5926,-9.93447,4.1151,0.100128
36.8958,3,9.76003,BaselineAllocator,3.16338,2.89055,-2.51227,2.8316,2.69901,-1.84115,0.772766,0.0943849,0.0305553,0.560174,0.116875,0.723039,0.133599,0.116875,-64.6385,9.36537,0.546503,0.0458052,1,0.116875,-39.706,-3.67247,4.09061,0.102874,1,0.116875,-35.4292,58.7578,4.09061,0.102874,1,0.116875,-35.4292,-58.7578,4.09061,0.102874,0.204636,0.116875,50.1526,-4.41082,0.837088,0.102874,1,0.116875,-64.7489,-7.8213,4.09061,0.102874
37.0959,3,9.96004,BaselineAllocator,3.16789,2.89467,-2.51973,2.8316,2.69901,-1.84115,0.782203,0.0207184,0.0405067,0.576483,0.116365,0.723039,0.133599,0.116365,-64.7731,7.43823,0.544119,0.0485233,1,0.116365,-38.5867,-2.78948,4.07277,0.105592,1,0.116365,-34.449,59.1699,4.07277,0.105592,1,0.116365,-34.449,-59.1699,4.07277,0.105592,0.204636,0.116365,51.3283,-3.49029,0.833437,0.105592,1,0.116365,-64.8548,-5.95815,4.07277,0.105592
37.2959,3,10.16,BaselineAllocator,3.16159,2.89445,-2.51932,2.8316,2.69901,-1.84115,0.779104,0.0537571,0.0475726,0.592678,0.116046,0.723039,0.133599,0.116046,-64.8675,5.69242,0.542628,0.0512226,1,0.116046,-37.4651,-2.0436,4.06161,0.108291,1,0.116046,-33.4705,59.5602,4.06161,0.108291,1,0.116046,-33.4705,-59.5602,4.06161,0.108291,0.204636,0.116046,52.4874,-2.66415,0.831153,0.108291,1,0.116046,-64.922,-4.37307,4.06161,0.108291
37.4969,3,10.3601,BaselineAllocator,3.14806,2.89057,-2.51375,2.8316,2.69901,-1.84115,0.767615,0.0912464,0.0509812,0.608811,0.115887,0.723039,0.133599,0.115887,-64.9303,4.13435,0.541886,0.0539113,1,0.115887,-36.4396,-1.42685,4.05605,0.11098,1,0.115887,-32.577,59.8991,4.05605,0.11098,1,0.115887,-32.577,-59.8991,4.05605,0.11098,0.204636,0.115887,53.5364,-1.9316,0.830016,0.11098,1,0.115887,-64.9619,-3.05665,4.05605,0.11098
37.7003,3,10.5801,BaselineAllocator,3.12824,2.88316,-2.50435,2.8316,2.69901,-1.84115,0.749494,0.114318,0.0516504,0.626528,0.115845,0.723039,0.133599,0.115845,-64.9714,2.65016,0.541687,0.0568643,1,0.115845,-35.4889,-0.881989,4.05457,0.113933,1,0.115845,-31.7487,60.1993,4.05457,0.113933,1,0.115845,-31.7487,-60.1993,4.05457,0.113933,0.204636,0.115845,54.5016,-1.23677,0.829711,0.113933,1,0.115845,-64.9854,-1.89066,4.05457,0.113933
37.9003,3,10.7801,BaselineAllocator,3.1081,2.87468,-2.49471,2.8316,2.69901,-1.84115,0.731062,0.121931,0.0504968,0.642637,0.115879,0.723039,0.133599,0.115879,-64.9906,1.52112,0.541846,0.0595489,1,0.115879,-34.8089,-0.493308,4.05576,0.116618,1,0.115879,-31.156,60.406,4.05576,0.116618,1,0.115879,-31.156,-60.406,4.05576,0.116618,0.204636,0.115879,55.1881,-0.709498,0.829955,0.116618,1,0.115879,-64.9954,-1.05776,4.05576,0.116618
38.1014,3,10.9801,BaselineAllocator,3.08764,2.86551,-2.4853,2.8316,2.69901,-1.84115,0.712884,0.120187,0.0483469,0.65876,0.115945,0.723039,0.133599,0.115945,-64.9985,0.606171,0.542153,0.0622361,1,0.115945,-34.3014,-0.192838,4.05806,0.119305,1,0.115945,-30.7137,60.5561,4.05806,0.119305,1,0.115945,-30.7137,-60.5561,4.05806,0.119305,0.204636,0.115945,55.6981,-0.282674,0.830426,0.119305,1,0.115945,-64.9993,-0.413532,4.05806,0.119305
38.3019,3,11.1801,BaselineAllocator,3.06796,2.85645,-2.47692,2.8316,2.69901,-1.84115,0.696318,0.112055,0.0455856,0.674903,0.116016,0.723039,0.133599,0.116016,-65,-0.100101,0.542486,0.0649266,1,0.116016,-33.9486,0.0314248,4.06055,0.121995,1,0.116016,-30.4062,60.6584,4.06055,0.121995,1,0.116016,-30.4062,-60.6584,4.06055,0.121995,0.204636,0.116016,56.0514,0.0466806,0.830936,0.121995,1,0.116016,-65,0.0673918,4.06055,0.121995
38.5022,3,11.3801,BaselineAllocator,3.0498,2.84812,-2.47003,2.8316,2.69901,-1.84115,0.682148,0.100069,0.0424282,0.691064,0.116076,0.723039,0.133599,0.116076,-64.9985,-0.612934,0.542768,0.0676201,1,0.116076,-33.7252,0.190805,4.06266,0.124689,1,0.116076,-30.2115,60.7223,4.06266,0.124689,1,0.116076,-30.2115,-60.7223,4.06266,0.124689,0.204636,0.116076,56.2743,0.285824,0.831368,0.124689,1,0.116076,-64.9993,0.409173,4.06266,0.124689
38.7024,3,11.5801,BaselineAllocator,3.03358,2.84091,-2.46477,2.8316,2.69901,-1.84115,0.670695,0.0862722,0.0390074,0.707239,0.116117,0.723039,0.133599,0.116117,-64.9963,-0.955244,0.54296,0.070316,1,0.116117,-33.6036,0.296026,4.0641,0.127385,1,0.116117,-30.1056,60.7568,4.0641,0.127385,1,0.116117,-30.1056,-60.7568,4.0641,0.127385,0.204636,0.116117,56.3953,0.445484,0.831662,0.127385,1,0.116117,-64.9984,0.6348,4.0641,0.127385
38.9028,3,11.7801,BaselineAllocator,3.01949,2.83502,-2.46113,2.8316,2.69901,-1.84115,0.661944,0.0722168,0.0354245,0.723422,0.116136,0.723039,0.133599,0.116136,-64.9946,-1.15462,0.543051,0.0730132,1,0.116136,-33.557,0.357202,4.06478,0.130082,1,0.116136,-30.065,60.7699,4.06478,0.130082,1,0.116136,-30.065,-60.7699,4.06478,0.130082,0.204636,0.116136,56.4414,0.538489,0.831801,0.130082,1,0.116136,-64.9976,0.765971,4.06478,0.130082
39.1032,3,11.9801,BaselineAllocator,3.00754,2.83052,-2.45892,2.8316,2.69901,-1.84115,0.655657,0.0589922,0.031775,0.739608,0.116136,0.723039,0.133599,0.116136,-64.9937,-1.24002,0.543048,0.0757108,1,0.116136,-33.5616,0.383698,4.06475,0.132779,1,0.116136,-30.0692,60.7686,4.06475,0.132779,1,0.116136,-30.0692,-60.7686,4.06475,0.132779,0.204636,0.116136,56.4365,0.578326,0.831796,0.132779,1,0.116136,-64.9973,0.822784,4.06475,0.132779
39.3041,3,12.1801,BaselineAllocator,2.99761,2.82733,-2.45791,2.8316,2.69901,-1.84115,0.651473,0.047279,0.028153,0.75579,0.116119,0.723039,0.133599,0.116119,-64.9938,-1.23944,0.542969,0.0784079,1,0.116119,-33.5977,0.384045,4.06417,0.135477,1,0.116119,-30.1007,60.7584,4.06417,0.135477,1,0.116119,-30.1007,-60.7584,4.06417,0.135477,0.204636,0.116119,56.4003,0.578059,0.831676,0.135477,1,0.116119,-64.9972,0.823538,4.06417,0.135477
39.5049,3,12.3801,BaselineAllocator,2.98952,2.8253,-2.45783,2.8316,2.69901,-1.84115,0.648981,0.037413,0.0246463,0.771967,0.116091,0.723039,0.133599,0.116091,-64.9944,-1.17803,0.542837,0.0811039,1,0.116091,-33.6499,0.365733,4.06318,0.138173,1,0.116091,-30.1461,60.7436,4.06318,0.138173,1,0.116091,-30.1461,-60.7436,4.06318,0.138173,0.204636,0.116091,56.3484,0.549412,0.831473,0.138173,1,0.116091,-64.9975,0.784263,4.06318,0.138173
39.7061,3,12.5801,BaselineAllocator,2.98307,2.82423,-2.4584,2.8316,2.69901,-1.84115,0.647776,0.0294517,0.021331,0.788134,0.116056,0.723039,0.133599,0.116056,-64.9953,-1.07713,0.542674,0.0837985,1,0.116056,-33.7068,0.335116,4.06196,0.140867,1,0.116056,-30.1957,60.7274,4.06196,0.140867,1,0.116056,-30.1957,-60.7274,4.06196,0.140867,0.204636,0.116056,56.2917,0.502338,0.831224,0.140867,1,0.116056,-64.9979,0.718616,4.06196,0.140867
